SUBCLS,IN,RXCUI,NAME,TTY,NDC11,NDC10
GLP1 Agonist,semaglutide ,1991302,semaglutide,IN,,
GLP1 Agonist,semaglutide ,1991311,"0.25 MG, 0.5 MG Dose 1.5 ML semaglutide 1.34 MG/ML Pen Injector [Ozempic]",SBD,00169413211,0169413211
GLP1 Agonist,semaglutide ,1991311,"0.25 MG, 0.5 MG Dose 1.5 ML semaglutide 1.34 MG/ML Pen Injector [Ozempic]",SBD,00169413212,0169413212
GLP1 Agonist,semaglutide ,1991311,"0.25 MG, 0.5 MG Dose 1.5 ML semaglutide 1.34 MG/ML Pen Injector [Ozempic]",SBD,00169413290,0169413290
GLP1 Agonist,semaglutide ,1991311,"0.25 MG, 0.5 MG Dose 1.5 ML semaglutide 1.34 MG/ML Pen Injector [Ozempic]",SBD,00169413297,0169413297
GLP1 Agonist,semaglutide ,1991317,1 MG Dose 1.5 ML semaglutide 1.34 MG/ML Pen Injector [Ozempic],SBD,00169413602,0169413602
GLP1 Agonist,semaglutide ,1991317,1 MG Dose 1.5 ML semaglutide 1.34 MG/ML Pen Injector [Ozempic],SBD,00169413611,0169413611
GLP1 Agonist,semaglutide ,2200650,semaglutide 14 MG Oral Tablet [Rybelsus],SBD,00169431401,0169431401
GLP1 Agonist,semaglutide ,2200650,semaglutide 14 MG Oral Tablet [Rybelsus],SBD,00169431413,0169431413
GLP1 Agonist,semaglutide ,2200650,semaglutide 14 MG Oral Tablet [Rybelsus],SBD,00169431430,0169431430
GLP1 Agonist,semaglutide ,2200654,semaglutide 3 MG Oral Tablet [Rybelsus],SBD,00169430301,0169430301
GLP1 Agonist,semaglutide ,2200654,semaglutide 3 MG Oral Tablet [Rybelsus],SBD,00169430313,0169430313
GLP1 Agonist,semaglutide ,2200654,semaglutide 3 MG Oral Tablet [Rybelsus],SBD,00169430330,0169430330
GLP1 Agonist,semaglutide ,2200654,semaglutide 3 MG Oral Tablet [Rybelsus],SBD,00169430390,0169430390
GLP1 Agonist,semaglutide ,2200654,semaglutide 3 MG Oral Tablet [Rybelsus],SBD,00169430393,0169430393
GLP1 Agonist,semaglutide ,2200654,semaglutide 3 MG Oral Tablet [Rybelsus],SBD,00169430399,0169430399
GLP1 Agonist,semaglutide ,2200658,semaglutide 7 MG Oral Tablet [Rybelsus],SBD,00169430701,0169430701
GLP1 Agonist,semaglutide ,2200658,semaglutide 7 MG Oral Tablet [Rybelsus],SBD,00169430713,0169430713
GLP1 Agonist,semaglutide ,2200658,semaglutide 7 MG Oral Tablet [Rybelsus],SBD,00169430730,0169430730
GLP1 Agonist,semaglutide ,2398842,3 ML semaglutide 1.34 MG/ML Pen Injector [Ozempic],SBD,00169413001,0169413001
GLP1 Agonist,semaglutide ,2398842,3 ML semaglutide 1.34 MG/ML Pen Injector [Ozempic],SBD,00169413013,0169413013
GLP1 Agonist,semaglutide ,2398842,3 ML semaglutide 1.34 MG/ML Pen Injector [Ozempic],SBD,50090594900,5009059490
GLP1 Agonist,semaglutide ,2553506,0.5 ML semaglutide 0.5 MG/ML Auto-Injector [Wegovy],SBD,00169452501,0169452501
GLP1 Agonist,semaglutide ,2553506,0.5 ML semaglutide 0.5 MG/ML Auto-Injector [Wegovy],SBD,00169452514,0169452514
GLP1 Agonist,semaglutide ,2553506,0.5 ML semaglutide 0.5 MG/ML Auto-Injector [Wegovy],SBD,00169452590,0169452590
GLP1 Agonist,semaglutide ,2553506,0.5 ML semaglutide 0.5 MG/ML Auto-Injector [Wegovy],SBD,00169452594,0169452594
GLP1 Agonist,semaglutide ,2553506,0.5 ML semaglutide 0.5 MG/ML Auto-Injector [Wegovy],SBD,50090582400,5009058240
GLP1 Agonist,semaglutide ,2553603,0.5 ML semaglutide 1 MG/ML Auto-Injector [Wegovy],SBD,00169450501,0169450501
GLP1 Agonist,semaglutide ,2553603,0.5 ML semaglutide 1 MG/ML Auto-Injector [Wegovy],SBD,00169450514,0169450514
GLP1 Agonist,semaglutide ,2553803,0.5 ML semaglutide 2 MG/ML Auto-Injector [Wegovy],SBD,00169450101,0169450101
GLP1 Agonist,semaglutide ,2553803,0.5 ML semaglutide 2 MG/ML Auto-Injector [Wegovy],SBD,00169450114,0169450114
GLP1 Agonist,semaglutide ,2553903,0.75 ML semaglutide 2.27 MG/ML Auto-Injector [Wegovy],SBD,00169451701,0169451701
GLP1 Agonist,semaglutide ,2553903,0.75 ML semaglutide 2.27 MG/ML Auto-Injector [Wegovy],SBD,00169451714,0169451714
GLP1 Agonist,semaglutide ,2554104,0.75 ML semaglutide 3.2 MG/ML Auto-Injector [Wegovy],SBD,00169452401,0169452401
GLP1 Agonist,semaglutide ,2554104,0.75 ML semaglutide 3.2 MG/ML Auto-Injector [Wegovy],SBD,00169452414,0169452414
GLP1 Agonist,semaglutide ,2599365,3 ML semaglutide 2.68 MG/ML Pen Injector [Ozempic],SBD,00169477211,0169477211
GLP1 Agonist,semaglutide ,2599365,3 ML semaglutide 2.68 MG/ML Pen Injector [Ozempic],SBD,00169477212,0169477212
GLP1 Agonist,semaglutide ,2599365,3 ML semaglutide 2.68 MG/ML Pen Injector [Ozempic],SBD,00169477290,0169477290
GLP1 Agonist,semaglutide ,2599365,3 ML semaglutide 2.68 MG/ML Pen Injector [Ozempic],SBD,00169477297,0169477297
GLP1 Agonist,semaglutide ,2599365,3 ML semaglutide 2.68 MG/ML Pen Injector [Ozempic],SBD,50090605100,5009060510
GLP1 Agonist,semaglutide ,2619154,"0.25 MG, 0.5 MG Dose 3 ML semaglutide 0.68 MG/ML Pen Injector [Ozempic]",SBD,00169418103,0169418103
GLP1 Agonist,semaglutide ,2619154,"0.25 MG, 0.5 MG Dose 3 ML semaglutide 0.68 MG/ML Pen Injector [Ozempic]",SBD,00169418113,0169418113
GLP1 Agonist,semaglutide ,2619154,"0.25 MG, 0.5 MG Dose 3 ML semaglutide 0.68 MG/ML Pen Injector [Ozempic]",SBD,00169418190,0169418190
GLP1 Agonist,semaglutide ,2619154,"0.25 MG, 0.5 MG Dose 3 ML semaglutide 0.68 MG/ML Pen Injector [Ozempic]",SBD,00169418197,0169418197
GLP1 Agonist,semaglutide ,1991308,semaglutide 1.34 MG/ML [Ozempic],SBDC,,
GLP1 Agonist,semaglutide ,2200646,semaglutide 14 MG [Rybelsus],SBDC,,
GLP1 Agonist,semaglutide ,2200653,semaglutide 3 MG [Rybelsus],SBDC,,
GLP1 Agonist,semaglutide ,2200657,semaglutide 7 MG [Rybelsus],SBDC,,
GLP1 Agonist,semaglutide ,2553503,semaglutide 0.5 MG/ML [Wegovy],SBDC,,
GLP1 Agonist,semaglutide ,2553602,semaglutide 1 MG/ML [Wegovy],SBDC,,
GLP1 Agonist,semaglutide ,2553608,semaglutide 2 MG/ML [Wegovy],SBDC,,
GLP1 Agonist,semaglutide ,2553902,semaglutide 2.27 MG/ML [Wegovy],SBDC,,
GLP1 Agonist,semaglutide ,2554103,semaglutide 3.2 MG/ML [Wegovy],SBDC,,
GLP1 Agonist,semaglutide ,2599364,semaglutide 2.68 MG/ML [Ozempic],SBDC,,
GLP1 Agonist,semaglutide ,2619153,semaglutide 0.68 MG/ML [Ozempic],SBDC,,
GLP1 Agonist,semaglutide ,1991309,semaglutide Pen Injector [Ozempic],SBDF,,
GLP1 Agonist,semaglutide ,2200647,semaglutide Oral Tablet [Rybelsus],SBDF,,
GLP1 Agonist,semaglutide ,2553504,semaglutide Auto-Injector [Wegovy],SBDF,,
GLP1 Agonist,semaglutide ,1991310,Ozempic Injectable Product,SBDG,,
GLP1 Agonist,semaglutide ,2200648,Rybelsus Oral Product,SBDG,,
GLP1 Agonist,semaglutide ,2200649,Rybelsus Pill,SBDG,,
GLP1 Agonist,semaglutide ,2553505,Wegovy Injectable Product,SBDG,,
GLP1 Agonist,semaglutide ,1991306,"0.25 MG, 0.5 MG Dose 1.5 ML semaglutide 1.34 MG/ML Pen Injector",SCD,,
GLP1 Agonist,semaglutide ,1991316,1 MG Dose 1.5 ML semaglutide 1.34 MG/ML Pen Injector,SCD,,
GLP1 Agonist,semaglutide ,2200644,semaglutide 14 MG Oral Tablet,SCD,,
GLP1 Agonist,semaglutide ,2200652,semaglutide 3 MG Oral Tablet,SCD,,
GLP1 Agonist,semaglutide ,2200656,semaglutide 7 MG Oral Tablet,SCD,,
GLP1 Agonist,semaglutide ,2398841,3 ML semaglutide 1.34 MG/ML Pen Injector,SCD,,
GLP1 Agonist,semaglutide ,2553501,0.5 ML semaglutide 0.5 MG/ML Auto-Injector,SCD,,
GLP1 Agonist,semaglutide ,2553601,0.5 ML semaglutide 1 MG/ML Auto-Injector,SCD,,
GLP1 Agonist,semaglutide ,2553802,0.5 ML semaglutide 2 MG/ML Auto-Injector,SCD,,
GLP1 Agonist,semaglutide ,2553901,0.75 ML semaglutide 2.27 MG/ML Auto-Injector,SCD,,
GLP1 Agonist,semaglutide ,2554102,0.75 ML semaglutide 3.2 MG/ML Auto-Injector,SCD,,
GLP1 Agonist,semaglutide ,2599362,3 ML semaglutide 2.68 MG/ML Pen Injector,SCD,,
GLP1 Agonist,semaglutide ,2619152,"0.25 MG, 0.5 MG Dose 3 ML semaglutide 0.68 MG/ML Pen Injector",SCD,,
GLP1 Agonist,semaglutide ,1991303,semaglutide 1.34 MG/ML,SCDC,,
GLP1 Agonist,semaglutide ,2200640,semaglutide 14 MG,SCDC,,
GLP1 Agonist,semaglutide ,2200651,semaglutide 3 MG,SCDC,,
GLP1 Agonist,semaglutide ,2200655,semaglutide 7 MG,SCDC,,
GLP1 Agonist,semaglutide ,2553400,semaglutide 0.5 MG/ML,SCDC,,
GLP1 Agonist,semaglutide ,2553600,semaglutide 1 MG/ML,SCDC,,
GLP1 Agonist,semaglutide ,2553606,semaglutide 2 MG/ML,SCDC,,
GLP1 Agonist,semaglutide ,2553900,semaglutide 2.27 MG/ML,SCDC,,
GLP1 Agonist,semaglutide ,2554101,semaglutide 3.2 MG/ML,SCDC,,
GLP1 Agonist,semaglutide ,2599361,semaglutide 2.68 MG/ML,SCDC,,
GLP1 Agonist,semaglutide ,2619151,semaglutide 0.68 MG/ML,SCDC,,
GLP1 Agonist,semaglutide ,1991305,semaglutide Pen Injector,SCDF,,
GLP1 Agonist,semaglutide ,2200643,semaglutide Oral Tablet,SCDF,,
GLP1 Agonist,semaglutide ,2553500,semaglutide Auto-Injector,SCDF,,
GLP1 Agonist,semaglutide ,1991304,semaglutide Injectable Product,SCDG,,
GLP1 Agonist,semaglutide ,2200641,semaglutide Oral Product,SCDG,,
GLP1 Agonist,semaglutide ,2200642,semaglutide Pill,SCDG,,
GLP1 Agonist,dulaglutide ,1551291,dulaglutide,IN,,
GLP1 Agonist,dulaglutide ,1551300,0.5 ML dulaglutide 1.5 MG/ML Auto-Injector [Trulicity],SBD,00002143301,0002143301
GLP1 Agonist,dulaglutide ,1551300,0.5 ML dulaglutide 1.5 MG/ML Auto-Injector [Trulicity],SBD,00002143361,0002143361
GLP1 Agonist,dulaglutide ,1551300,0.5 ML dulaglutide 1.5 MG/ML Auto-Injector [Trulicity],SBD,00002143380,0002143380
GLP1 Agonist,dulaglutide ,1551300,0.5 ML dulaglutide 1.5 MG/ML Auto-Injector [Trulicity],SBD,50090348400,5009034840
GLP1 Agonist,dulaglutide ,1551300,0.5 ML dulaglutide 1.5 MG/ML Auto-Injector [Trulicity],SBD,50090645300,5009064530
GLP1 Agonist,dulaglutide ,1551306,0.5 ML dulaglutide 3 MG/ML Auto-Injector [Trulicity],SBD,00002143401,0002143401
GLP1 Agonist,dulaglutide ,1551306,0.5 ML dulaglutide 3 MG/ML Auto-Injector [Trulicity],SBD,00002143461,0002143461
GLP1 Agonist,dulaglutide ,1551306,0.5 ML dulaglutide 3 MG/ML Auto-Injector [Trulicity],SBD,00002143480,0002143480
GLP1 Agonist,dulaglutide ,1551306,0.5 ML dulaglutide 3 MG/ML Auto-Injector [Trulicity],SBD,50090348300,5009034830
GLP1 Agonist,dulaglutide ,1551306,0.5 ML dulaglutide 3 MG/ML Auto-Injector [Trulicity],SBD,50090645600,5009064560
GLP1 Agonist,dulaglutide ,2395779,0.5 ML dulaglutide 6 MG/ML Auto-Injector [Trulicity],SBD,00002223601,0002223601
GLP1 Agonist,dulaglutide ,2395779,0.5 ML dulaglutide 6 MG/ML Auto-Injector [Trulicity],SBD,00002223661,0002223661
GLP1 Agonist,dulaglutide ,2395779,0.5 ML dulaglutide 6 MG/ML Auto-Injector [Trulicity],SBD,00002223680,0002223680
GLP1 Agonist,dulaglutide ,2395779,0.5 ML dulaglutide 6 MG/ML Auto-Injector [Trulicity],SBD,50090546700,5009054670
GLP1 Agonist,dulaglutide ,2395779,0.5 ML dulaglutide 6 MG/ML Auto-Injector [Trulicity],SBD,50090657100,5009065710
GLP1 Agonist,dulaglutide ,2395785,0.5 ML dulaglutide 9 MG/ML Auto-Injector [Trulicity],SBD,00002318201,0002318201
GLP1 Agonist,dulaglutide ,2395785,0.5 ML dulaglutide 9 MG/ML Auto-Injector [Trulicity],SBD,00002318261,0002318261
GLP1 Agonist,dulaglutide ,2395785,0.5 ML dulaglutide 9 MG/ML Auto-Injector [Trulicity],SBD,00002318280,0002318280
GLP1 Agonist,dulaglutide ,1551297,dulaglutide 1.5 MG/ML [Trulicity],SBDC,,
GLP1 Agonist,dulaglutide ,1551305,dulaglutide 3 MG/ML [Trulicity],SBDC,,
GLP1 Agonist,dulaglutide ,2395778,dulaglutide 6 MG/ML [Trulicity],SBDC,,
GLP1 Agonist,dulaglutide ,2395784,dulaglutide 9 MG/ML [Trulicity],SBDC,,
GLP1 Agonist,dulaglutide ,1649586,dulaglutide Auto-Injector [Trulicity],SBDF,,
GLP1 Agonist,dulaglutide ,1551299,Trulicity Injectable Product,SBDG,,
GLP1 Agonist,dulaglutide ,1551295,0.5 ML dulaglutide 1.5 MG/ML Auto-Injector,SCD,,
GLP1 Agonist,dulaglutide ,1551304,0.5 ML dulaglutide 3 MG/ML Auto-Injector,SCD,,
GLP1 Agonist,dulaglutide ,2395777,0.5 ML dulaglutide 6 MG/ML Auto-Injector,SCD,,
GLP1 Agonist,dulaglutide ,2395783,0.5 ML dulaglutide 9 MG/ML Auto-Injector,SCD,,
GLP1 Agonist,dulaglutide ,1551292,dulaglutide 1.5 MG/ML,SCDC,,
GLP1 Agonist,dulaglutide ,1551303,dulaglutide 3 MG/ML,SCDC,,
GLP1 Agonist,dulaglutide ,2395776,dulaglutide 6 MG/ML,SCDC,,
GLP1 Agonist,dulaglutide ,2395782,dulaglutide 9 MG/ML,SCDC,,
GLP1 Agonist,dulaglutide ,1649584,dulaglutide Auto-Injector,SCDF,,
GLP1 Agonist,dulaglutide ,1551293,dulaglutide Injectable Product,SCDG,,
GLP1 Agonist,exenatide,60548,exenatide,IN,,
GLP1 Agonist,exenatide,1242968,exenatide 2 MG Injection [Bydureon],SBD,,
GLP1 Agonist,exenatide,1990869,0.85 ML exenatide 2.35 MG/ML Auto-Injector [Bydureon],SBD,00310654001,0310654001
GLP1 Agonist,exenatide,1990869,0.85 ML exenatide 2.35 MG/ML Auto-Injector [Bydureon],SBD,00310654004,0310654004
GLP1 Agonist,exenatide,1990869,0.85 ML exenatide 2.35 MG/ML Auto-Injector [Bydureon],SBD,00310654085,0310654085
GLP1 Agonist,exenatide,847913,60 ACTUAT exenatide 0.01 MG/ACTUAT Pen Injector [Byetta],SBD,00310652401,0310652401
GLP1 Agonist,exenatide,847917,60 ACTUAT exenatide 0.005 MG/ACTUAT Pen Injector [Byetta],SBD,00310651201,0310651201
GLP1 Agonist,exenatide,1653613,exenatide 2 MG [Bydureon],SBDC,,
GLP1 Agonist,exenatide,1990867,exenatide 2.35 MG/ML [Bydureon],SBDC,,
GLP1 Agonist,exenatide,847911,exenatide 0.01 MG/ACTUAT [Byetta],SBDC,,
GLP1 Agonist,exenatide,847916,exenatide 0.005 MG/ACTUAT [Byetta],SBDC,,
GLP1 Agonist,exenatide,1653614,exenatide Injection [Bydureon],SBDF,,
GLP1 Agonist,exenatide,1653625,exenatide Pen Injector [Byetta],SBDF,,
GLP1 Agonist,exenatide,1990868,exenatide Auto-Injector [Bydureon],SBDF,,
GLP1 Agonist,exenatide,1169415,Byetta Injectable Product,SBDG,,
GLP1 Agonist,exenatide,1242967,Bydureon Injectable Product,SBDG,,
GLP1 Agonist,exenatide,1242963,exenatide 2 MG Injection,SCD,,
GLP1 Agonist,exenatide,1990866,0.85 ML exenatide 2.35 MG/ML Auto-Injector,SCD,,
GLP1 Agonist,exenatide,847910,60 ACTUAT exenatide 0.01 MG/ACTUAT Pen Injector,SCD,,
GLP1 Agonist,exenatide,847915,60 ACTUAT exenatide 0.005 MG/ACTUAT Pen Injector,SCD,,
GLP1 Agonist,exenatide,1653610,exenatide 2 MG,SCDC,,
GLP1 Agonist,exenatide,1990864,exenatide 2.35 MG/ML,SCDC,,
GLP1 Agonist,exenatide,847908,exenatide 0.01 MG/ACTUAT,SCDC,,
GLP1 Agonist,exenatide,847914,exenatide 0.005 MG/ACTUAT,SCDC,,
GLP1 Agonist,exenatide,1653611,exenatide Injection,SCDF,,
GLP1 Agonist,exenatide,1653616,exenatide Pen Injector,SCDF,,
GLP1 Agonist,exenatide,1990865,exenatide Auto-Injector,SCDF,,
GLP1 Agonist,exenatide,1163790,exenatide Injectable Product,SCDG,,
GLP1 Agonist,liraglutide,475968,liraglutide,IN,,
GLP1 Agonist,liraglutide,1727493,insulin degludec / liraglutide,MIN,,
GLP1 Agonist,liraglutide,1598268,3 ML liraglutide 6 MG/ML Pen Injector [Saxenda],SBD,00169280015,0169280015
GLP1 Agonist,liraglutide,1598268,3 ML liraglutide 6 MG/ML Pen Injector [Saxenda],SBD,00169280090,0169280090
GLP1 Agonist,liraglutide,1598268,3 ML liraglutide 6 MG/ML Pen Injector [Saxenda],SBD,00169280097,0169280097
GLP1 Agonist,liraglutide,1598268,3 ML liraglutide 6 MG/ML Pen Injector [Saxenda],SBD,50090425700,5009042570
GLP1 Agonist,liraglutide,1860172,3 ML insulin degludec 100 UNT/ML / liraglutide 3.6 MG/ML Pen Injector [Xultophy],SBD,00169291115,0169291115
GLP1 Agonist,liraglutide,1860172,3 ML insulin degludec 100 UNT/ML / liraglutide 3.6 MG/ML Pen Injector [Xultophy],SBD,00169291190,0169291190
GLP1 Agonist,liraglutide,1860172,3 ML insulin degludec 100 UNT/ML / liraglutide 3.6 MG/ML Pen Injector [Xultophy],SBD,00169291197,0169291197
GLP1 Agonist,liraglutide,897126,3 ML liraglutide 6 MG/ML Pen Injector [Victoza],SBD,00169406012,0169406012
GLP1 Agonist,liraglutide,897126,3 ML liraglutide 6 MG/ML Pen Injector [Victoza],SBD,00169406013,0169406013
GLP1 Agonist,liraglutide,897126,3 ML liraglutide 6 MG/ML Pen Injector [Victoza],SBD,00169406090,0169406090
GLP1 Agonist,liraglutide,897126,3 ML liraglutide 6 MG/ML Pen Injector [Victoza],SBD,00169406099,0169406099
GLP1 Agonist,liraglutide,897126,3 ML liraglutide 6 MG/ML Pen Injector [Victoza],SBD,50090285300,5009028530
GLP1 Agonist,liraglutide,897126,3 ML liraglutide 6 MG/ML Pen Injector [Victoza],SBD,50090450300,5009045030
GLP1 Agonist,liraglutide,1598265,liraglutide 6 MG/ML [Saxenda],SBDC,,
GLP1 Agonist,liraglutide,1860169,insulin degludec 100 UNT/ML / liraglutide 3.6 MG/ML [Xultophy],SBDC,,
GLP1 Agonist,liraglutide,897124,liraglutide 6 MG/ML [Victoza],SBDC,,
GLP1 Agonist,liraglutide,1653597,liraglutide Pen Injector [Victoza],SBDF,,
GLP1 Agonist,liraglutide,1653600,liraglutide Pen Injector [Saxenda],SBDF,,
GLP1 Agonist,liraglutide,1860170,insulin degludec / liraglutide Pen Injector [Xultophy],SBDF,,
GLP1 Agonist,liraglutide,1186578,Victoza Injectable Product,SBDG,,
GLP1 Agonist,liraglutide,1598267,Saxenda Injectable Product,SBDG,,
GLP1 Agonist,liraglutide,1860171,Xultophy Injectable Product,SBDG,,
GLP1 Agonist,liraglutide,1860167,3 ML insulin degludec 100 UNT/ML / liraglutide 3.6 MG/ML Pen Injector,SCD,,
GLP1 Agonist,liraglutide,897122,3 ML liraglutide 6 MG/ML Pen Injector,SCD,00480366719,0480366719
GLP1 Agonist,liraglutide,897122,3 ML liraglutide 6 MG/ML Pen Injector,SCD,00480366720,0480366720
GLP1 Agonist,liraglutide,897122,3 ML liraglutide 6 MG/ML Pen Injector,SCD,00480366722,0480366722
GLP1 Agonist,liraglutide,1860164,liraglutide 3.6 MG/ML,SCDC,,
GLP1 Agonist,liraglutide,897120,liraglutide 6 MG/ML,SCDC,,
GLP1 Agonist,liraglutide,1653594,liraglutide Pen Injector,SCDF,,
GLP1 Agonist,liraglutide,1860166,insulin degludec / liraglutide Pen Injector,SCDF,,
GLP1 Agonist,liraglutide,1163230,liraglutide Injectable Product,SCDG,,
GLP1 Agonist,liraglutide,1860165,insulin degludec / liraglutide Injectable Product,SCDG,,
GLP1 Agonist,lixisenatide,1440051,lixisenatide,IN,,
GLP1 Agonist,lixisenatide,1858994,insulin glargine / lixisenatide,MIN,,
GLP1 Agonist,lixisenatide,1803893,3 ML lixisenatide 0.05 MG/ML Pen Injector [Adlyxin],SBD,,
GLP1 Agonist,lixisenatide,1803896,3 ML lixisenatide 0.1 MG/ML Pen Injector [Adlyxin],SBD,0024574702,
GLP1 Agonist,lixisenatide,1859000,3 ML insulin glargine 100 UNT/ML / lixisenatide 0.033 MG/ML Pen Injector [Soliqua],SBD,0024576101,
GLP1 Agonist,lixisenatide,1859000,3 ML insulin glargine 100 UNT/ML / lixisenatide 0.033 MG/ML Pen Injector [Soliqua],SBD,0024576102,
GLP1 Agonist,lixisenatide,1859000,3 ML insulin glargine 100 UNT/ML / lixisenatide 0.033 MG/ML Pen Injector [Soliqua],SBD,0024576105,
GLP1 Agonist,lixisenatide,1859000,3 ML insulin glargine 100 UNT/ML / lixisenatide 0.033 MG/ML Pen Injector [Soliqua],SBD,0024576302,
GLP1 Agonist,lixisenatide,1803888,lixisenatide 0.05 MG/ML [Adlyxin],SBDC,,
GLP1 Agonist,lixisenatide,1803895,lixisenatide 0.1 MG/ML [Adlyxin],SBDC,,
GLP1 Agonist,lixisenatide,1858997,insulin glargine 100 UNT/ML / lixisenatide 0.033 MG/ML [Soliqua],SBDC,,
GLP1 Agonist,lixisenatide,1803889,lixisenatide Pen Injector [Adlyxin],SBDF,,
GLP1 Agonist,lixisenatide,1858998,insulin glargine / lixisenatide Pen Injector [Soliqua],SBDF,,
GLP1 Agonist,lixisenatide,1803890,Adlyxin Injectable Product,SBDG,,
GLP1 Agonist,lixisenatide,1858999,Soliqua Injectable Product,SBDG,,
GLP1 Agonist,lixisenatide,1803892,3 ML lixisenatide 0.05 MG/ML Pen Injector,SCD,,
GLP1 Agonist,lixisenatide,1803894,3 ML lixisenatide 0.1 MG/ML Pen Injector,SCD,,
GLP1 Agonist,lixisenatide,1858995,3 ML insulin glargine 100 UNT/ML / lixisenatide 0.033 MG/ML Pen Injector,SCD,,
GLP1 Agonist,lixisenatide,1440052,lixisenatide 0.1 MG/ML,SCDC,,
GLP1 Agonist,lixisenatide,1440056,lixisenatide 0.05 MG/ML,SCDC,,
GLP1 Agonist,lixisenatide,1858991,lixisenatide 0.033 MG/ML,SCDC,,
GLP1 Agonist,lixisenatide,1803885,lixisenatide Pen Injector,SCDF,,
GLP1 Agonist,lixisenatide,1858993,insulin glargine / lixisenatide Pen Injector,SCDF,,
GLP1 Agonist,lixisenatide,1440053,lixisenatide Injectable Product,SCDG,,
GLP1 Agonist,lixisenatide,1858992,insulin glargine / lixisenatide Injectable Product,SCDG,,
GLP1 Agonist,tirzepatide,2601723,tirzepatide,IN,,
GLP1 Agonist,tirzepatide,2601746,0.5 ML tirzepatide 10 MG/ML Auto-Injector [Mounjaro],SBD,00002149501,
GLP1 Agonist,tirzepatide,2601746,0.5 ML tirzepatide 10 MG/ML Auto-Injector [Mounjaro],SBD,00002149580,
GLP1 Agonist,tirzepatide,2601758,0.5 ML tirzepatide 30 MG/ML Auto-Injector [Mounjaro],SBD,00002145701,
GLP1 Agonist,tirzepatide,2601758,0.5 ML tirzepatide 30 MG/ML Auto-Injector [Mounjaro],SBD,00002145780,
GLP1 Agonist,tirzepatide,2601764,0.5 ML tirzepatide 5 MG/ML Auto-Injector [Mounjaro],SBD,00002150601,
GLP1 Agonist,tirzepatide,2601764,0.5 ML tirzepatide 5 MG/ML Auto-Injector [Mounjaro],SBD,00002150661,
GLP1 Agonist,tirzepatide,2601764,0.5 ML tirzepatide 5 MG/ML Auto-Injector [Mounjaro],SBD,00002150680,
GLP1 Agonist,tirzepatide,2601770,0.5 ML tirzepatide 20 MG/ML Auto-Injector [Mounjaro],SBD,00002147101,
GLP1 Agonist,tirzepatide,2601770,0.5 ML tirzepatide 20 MG/ML Auto-Injector [Mounjaro],SBD,00002147180,
GLP1 Agonist,tirzepatide,2601776,0.5 ML tirzepatide 25 MG/ML Auto-Injector [Mounjaro],SBD,00002146001,
GLP1 Agonist,tirzepatide,2601776,0.5 ML tirzepatide 25 MG/ML Auto-Injector [Mounjaro],SBD,00002146080,
GLP1 Agonist,tirzepatide,2601785,0.5 ML tirzepatide 15 MG/ML Auto-Injector [Mounjaro],SBD,00002148401,
GLP1 Agonist,tirzepatide,2601785,0.5 ML tirzepatide 15 MG/ML Auto-Injector [Mounjaro],SBD,00002148480,
GLP1 Agonist,tirzepatide,2644399,0.5 ML tirzepatide 15 MG/ML Injection [Mounjaro],SBD,00002221401,
GLP1 Agonist,tirzepatide,2644403,0.5 ML tirzepatide 10 MG/ML Injection [Mounjaro],SBD,00002124301,
GLP1 Agonist,tirzepatide,2644407,0.5 ML tirzepatide 5 MG/ML Injection [Mounjaro],SBD,00002115201,
GLP1 Agonist,tirzepatide,2644411,0.5 ML tirzepatide 30 MG/ML Injection [Mounjaro],SBD,00002300201,
GLP1 Agonist,tirzepatide,2644415,0.5 ML tirzepatide 25 MG/ML Injection [Mounjaro],SBD,00002242301,
GLP1 Agonist,tirzepatide,2644419,0.5 ML tirzepatide 20 MG/ML Injection [Mounjaro],SBD,00002234001,
GLP1 Agonist,tirzepatide,2669706,0.5 ML tirzepatide 5 MG/ML Auto-Injector [Zepbound],SBD,00002250601,
GLP1 Agonist,tirzepatide,2669706,0.5 ML tirzepatide 5 MG/ML Auto-Injector [Zepbound],SBD,00002250661,
GLP1 Agonist,tirzepatide,2669706,0.5 ML tirzepatide 5 MG/ML Auto-Injector [Zepbound],SBD,00002250680,
GLP1 Agonist,tirzepatide,2669709,0.5 ML tirzepatide 10 MG/ML Auto-Injector [Zepbound],SBD,00002249501,
GLP1 Agonist,tirzepatide,2669709,0.5 ML tirzepatide 10 MG/ML Auto-Injector [Zepbound],SBD,00002249580,
GLP1 Agonist,tirzepatide,2669712,0.5 ML tirzepatide 15 MG/ML Auto-Injector [Zepbound],SBD,00002248401,
GLP1 Agonist,tirzepatide,2669712,0.5 ML tirzepatide 15 MG/ML Auto-Injector [Zepbound],SBD,00002248480,
GLP1 Agonist,tirzepatide,2669715,0.5 ML tirzepatide 20 MG/ML Auto-Injector [Zepbound],SBD,00002247101,
GLP1 Agonist,tirzepatide,2669715,0.5 ML tirzepatide 20 MG/ML Auto-Injector [Zepbound],SBD,00002247180,
GLP1 Agonist,tirzepatide,2669718,0.5 ML tirzepatide 25 MG/ML Auto-Injector [Zepbound],SBD,00002246001,
GLP1 Agonist,tirzepatide,2669718,0.5 ML tirzepatide 25 MG/ML Auto-Injector [Zepbound],SBD,00002246080,
GLP1 Agonist,tirzepatide,2669721,0.5 ML tirzepatide 30 MG/ML Auto-Injector [Zepbound],SBD,00002245701,
GLP1 Agonist,tirzepatide,2669721,0.5 ML tirzepatide 30 MG/ML Auto-Injector [Zepbound],SBD,00002245780,
GLP1 Agonist,tirzepatide,2679317,0.5 ML tirzepatide 20 MG/ML Injection [Zepbound],SBD,00002134001,
GLP1 Agonist,tirzepatide,2679319,0.5 ML tirzepatide 25 MG/ML Injection [Zepbound],SBD,00002142301,
GLP1 Agonist,tirzepatide,2679321,0.5 ML tirzepatide 30 MG/ML Injection [Zepbound],SBD,00002200201,
GLP1 Agonist,tirzepatide,2679323,0.5 ML tirzepatide 5 MG/ML Injection [Zepbound],SBD,00002015201,
GLP1 Agonist,tirzepatide,2679323,0.5 ML tirzepatide 5 MG/ML Injection [Zepbound],SBD,00002015204,
GLP1 Agonist,tirzepatide,2679325,0.5 ML tirzepatide 10 MG/ML Injection [Zepbound],SBD,00002024301,
GLP1 Agonist,tirzepatide,2679325,0.5 ML tirzepatide 10 MG/ML Injection [Zepbound],SBD,00002024304,
GLP1 Agonist,tirzepatide,2679327,0.5 ML tirzepatide 15 MG/ML Injection [Zepbound],SBD,00002121401,
GLP1 Agonist,tirzepatide,2601745,tirzepatide 10 MG/ML [Mounjaro],SBDC,,
GLP1 Agonist,tirzepatide,2601757,tirzepatide 30 MG/ML [Mounjaro],SBDC,,
GLP1 Agonist,tirzepatide,2601763,tirzepatide 5 MG/ML [Mounjaro],SBDC,,
GLP1 Agonist,tirzepatide,2601769,tirzepatide 20 MG/ML [Mounjaro],SBDC,,
GLP1 Agonist,tirzepatide,2601775,tirzepatide 25 MG/ML [Mounjaro],SBDC,,
GLP1 Agonist,tirzepatide,2601781,tirzepatide 15 MG/ML [Mounjaro],SBDC,,
GLP1 Agonist,tirzepatide,2669703,tirzepatide 5 MG/ML [Zepbound],SBDC,,
GLP1 Agonist,tirzepatide,2669708,tirzepatide 10 MG/ML [Zepbound],SBDC,,
GLP1 Agonist,tirzepatide,2669711,tirzepatide 15 MG/ML [Zepbound],SBDC,,
GLP1 Agonist,tirzepatide,2669714,tirzepatide 20 MG/ML [Zepbound],SBDC,,
GLP1 Agonist,tirzepatide,2669717,tirzepatide 25 MG/ML [Zepbound],SBDC,,
GLP1 Agonist,tirzepatide,2669720,tirzepatide 30 MG/ML [Zepbound],SBDC,,
GLP1 Agonist,tirzepatide,2601737,tirzepatide Auto-Injector [Mounjaro],SBDF,,
GLP1 Agonist,tirzepatide,2644398,tirzepatide Injection [Mounjaro],SBDF,,
GLP1 Agonist,tirzepatide,2669705,tirzepatide Auto-Injector [Zepbound],SBDF,,
GLP1 Agonist,tirzepatide,2679316,tirzepatide Injection [Zepbound],SBDF,,
GLP1 Agonist,tirzepatide,2601736,Mounjaro Injectable Product,SBDG,,
GLP1 Agonist,tirzepatide,2669704,Zepbound Injectable Product,SBDG,,
GLP1 Agonist,tirzepatide,2601743,0.5 ML tirzepatide 10 MG/ML Auto-Injector,SCD,,
GLP1 Agonist,tirzepatide,2601755,0.5 ML tirzepatide 30 MG/ML Auto-Injector,SCD,,
GLP1 Agonist,tirzepatide,2601761,0.5 ML tirzepatide 5 MG/ML Auto-Injector,SCD,,
GLP1 Agonist,tirzepatide,2601767,0.5 ML tirzepatide 20 MG/ML Auto-Injector,SCD,,
GLP1 Agonist,tirzepatide,2601773,0.5 ML tirzepatide 25 MG/ML Auto-Injector,SCD,,
GLP1 Agonist,tirzepatide,2601784,0.5 ML tirzepatide 15 MG/ML Auto-Injector,SCD,,
GLP1 Agonist,tirzepatide,2644396,0.5 ML tirzepatide 15 MG/ML Injection,SCD,,
GLP1 Agonist,tirzepatide,2644401,0.5 ML tirzepatide 10 MG/ML Injection,SCD,,
GLP1 Agonist,tirzepatide,2644405,0.5 ML tirzepatide 5 MG/ML Injection,SCD,,
GLP1 Agonist,tirzepatide,2644409,0.5 ML tirzepatide 30 MG/ML Injection,SCD,,
GLP1 Agonist,tirzepatide,2644413,0.5 ML tirzepatide 25 MG/ML Injection,SCD,,
GLP1 Agonist,tirzepatide,2644417,0.5 ML tirzepatide 20 MG/ML Injection,SCD,,
GLP1 Agonist,tirzepatide,2601742,tirzepatide 10 MG/ML,SCDC,,
GLP1 Agonist,tirzepatide,2601754,tirzepatide 30 MG/ML,SCDC,,
GLP1 Agonist,tirzepatide,2601760,tirzepatide 5 MG/ML,SCDC,,
GLP1 Agonist,tirzepatide,2601766,tirzepatide 20 MG/ML,SCDC,,
GLP1 Agonist,tirzepatide,2601772,tirzepatide 25 MG/ML,SCDC,,
GLP1 Agonist,tirzepatide,2601778,tirzepatide 15 MG/ML,SCDC,,
GLP1 Agonist,tirzepatide,2601731,tirzepatide Auto-Injector,SCDF,,
GLP1 Agonist,tirzepatide,2644395,tirzepatide Injection,SCDF,,
GLP1 Agonist,tirzepatide,2601730,tirzepatide Injectable Product,SCDG,,
DPP4 Inhibitors,sitagliptin,593411,sitagliptin,IN,,
DPP4 Inhibitors,sitagliptin,1189803,simvastatin / sitagliptin,MIN,,
DPP4 Inhibitors,sitagliptin,1992825,ertugliflozin / sitagliptin,MIN,,
DPP4 Inhibitors,sitagliptin,729717,metformin / sitagliptin,MIN,,
DPP4 Inhibitors,sitagliptin,621590,sitagliptin phosphate,PIN,,
DPP4 Inhibitors,sitagliptin,1243833,24 HR metformin hydrochloride 1000 MG / sitagliptin 100 MG Extended Release Oral Tablet [Janumet],SBD,00006008107,0006008107
DPP4 Inhibitors,sitagliptin,1243833,24 HR metformin hydrochloride 1000 MG / sitagliptin 100 MG Extended Release Oral Tablet [Janumet],SBD,00006008114,0006008114
DPP4 Inhibitors,sitagliptin,1243833,24 HR metformin hydrochloride 1000 MG / sitagliptin 100 MG Extended Release Oral Tablet [Janumet],SBD,00006008131,0006008131
DPP4 Inhibitors,sitagliptin,1243833,24 HR metformin hydrochloride 1000 MG / sitagliptin 100 MG Extended Release Oral Tablet [Janumet],SBD,00006008154,0006008154
DPP4 Inhibitors,sitagliptin,1243833,24 HR metformin hydrochloride 1000 MG / sitagliptin 100 MG Extended Release Oral Tablet [Janumet],SBD,00006008182,0006008182
DPP4 Inhibitors,sitagliptin,1243833,24 HR metformin hydrochloride 1000 MG / sitagliptin 100 MG Extended Release Oral Tablet [Janumet],SBD,50090624400,5009062440
DPP4 Inhibitors,sitagliptin,1243843,24 HR metformin hydrochloride 1000 MG / sitagliptin 50 MG Extended Release Oral Tablet [Janumet],SBD,00006008014,0006008014
DPP4 Inhibitors,sitagliptin,1243843,24 HR metformin hydrochloride 1000 MG / sitagliptin 50 MG Extended Release Oral Tablet [Janumet],SBD,00006008028,0006008028
DPP4 Inhibitors,sitagliptin,1243843,24 HR metformin hydrochloride 1000 MG / sitagliptin 50 MG Extended Release Oral Tablet [Janumet],SBD,00006008061,0006008061
DPP4 Inhibitors,sitagliptin,1243843,24 HR metformin hydrochloride 1000 MG / sitagliptin 50 MG Extended Release Oral Tablet [Janumet],SBD,00006008062,0006008062
DPP4 Inhibitors,sitagliptin,1243843,24 HR metformin hydrochloride 1000 MG / sitagliptin 50 MG Extended Release Oral Tablet [Janumet],SBD,00006008082,0006008082
DPP4 Inhibitors,sitagliptin,1243843,24 HR metformin hydrochloride 1000 MG / sitagliptin 50 MG Extended Release Oral Tablet [Janumet],SBD,50090550400,5009055040
DPP4 Inhibitors,sitagliptin,1243843,24 HR metformin hydrochloride 1000 MG / sitagliptin 50 MG Extended Release Oral Tablet [Janumet],SBD,50090550401,5009055041
DPP4 Inhibitors,sitagliptin,1243848,24 HR metformin hydrochloride 500 MG / sitagliptin 50 MG Extended Release Oral Tablet [Janumet],SBD,00006007814,0006007814
DPP4 Inhibitors,sitagliptin,1243848,24 HR metformin hydrochloride 500 MG / sitagliptin 50 MG Extended Release Oral Tablet [Janumet],SBD,00006007828,0006007828
DPP4 Inhibitors,sitagliptin,1243848,24 HR metformin hydrochloride 500 MG / sitagliptin 50 MG Extended Release Oral Tablet [Janumet],SBD,00006007861,0006007861
DPP4 Inhibitors,sitagliptin,1243848,24 HR metformin hydrochloride 500 MG / sitagliptin 50 MG Extended Release Oral Tablet [Janumet],SBD,00006007862,0006007862
DPP4 Inhibitors,sitagliptin,1243848,24 HR metformin hydrochloride 500 MG / sitagliptin 50 MG Extended Release Oral Tablet [Janumet],SBD,00006007882,0006007882
DPP4 Inhibitors,sitagliptin,1992832,ertugliflozin 15 MG / sitagliptin 100 MG Oral Tablet [Steglujan],SBD,00006536803,0006536803
DPP4 Inhibitors,sitagliptin,1992832,ertugliflozin 15 MG / sitagliptin 100 MG Oral Tablet [Steglujan],SBD,00006536806,0006536806
DPP4 Inhibitors,sitagliptin,1992832,ertugliflozin 15 MG / sitagliptin 100 MG Oral Tablet [Steglujan],SBD,00006536807,0006536807
DPP4 Inhibitors,sitagliptin,1992832,ertugliflozin 15 MG / sitagliptin 100 MG Oral Tablet [Steglujan],SBD,00006536808,0006536808
DPP4 Inhibitors,sitagliptin,1992832,ertugliflozin 15 MG / sitagliptin 100 MG Oral Tablet [Steglujan],SBD,00006536809,0006536809
DPP4 Inhibitors,sitagliptin,1992837,ertugliflozin 5 MG / sitagliptin 100 MG Oral Tablet [Steglujan],SBD,00006536703,0006536703
DPP4 Inhibitors,sitagliptin,1992837,ertugliflozin 5 MG / sitagliptin 100 MG Oral Tablet [Steglujan],SBD,00006536706,0006536706
DPP4 Inhibitors,sitagliptin,1992837,ertugliflozin 5 MG / sitagliptin 100 MG Oral Tablet [Steglujan],SBD,00006536707,0006536707
DPP4 Inhibitors,sitagliptin,1992837,ertugliflozin 5 MG / sitagliptin 100 MG Oral Tablet [Steglujan],SBD,00006536708,0006536708
DPP4 Inhibitors,sitagliptin,1992837,ertugliflozin 5 MG / sitagliptin 100 MG Oral Tablet [Steglujan],SBD,00006536709,0006536709
DPP4 Inhibitors,sitagliptin,2670447,sitagliptin 100 MG Oral Tablet [Zituvio],SBD,70710124203,7071012423
DPP4 Inhibitors,sitagliptin,2670447,sitagliptin 100 MG Oral Tablet [Zituvio],SBD,70710124209,7071012429
DPP4 Inhibitors,sitagliptin,2670447,sitagliptin 100 MG Oral Tablet [Zituvio],SBD,70771177203,7077117723
DPP4 Inhibitors,sitagliptin,2670447,sitagliptin 100 MG Oral Tablet [Zituvio],SBD,70771177209,7077117729
DPP4 Inhibitors,sitagliptin,2670449,sitagliptin 25 MG Oral Tablet [Zituvio],SBD,70710124003,7071012403
DPP4 Inhibitors,sitagliptin,2670449,sitagliptin 25 MG Oral Tablet [Zituvio],SBD,70710124009,7071012409
DPP4 Inhibitors,sitagliptin,2670449,sitagliptin 25 MG Oral Tablet [Zituvio],SBD,70771177003,7077117703
DPP4 Inhibitors,sitagliptin,2670449,sitagliptin 25 MG Oral Tablet [Zituvio],SBD,70771177009,7077117709
DPP4 Inhibitors,sitagliptin,2670451,sitagliptin 50 MG Oral Tablet [Zituvio],SBD,70710124103,7071012413
DPP4 Inhibitors,sitagliptin,2670451,sitagliptin 50 MG Oral Tablet [Zituvio],SBD,70710124109,7071012419
DPP4 Inhibitors,sitagliptin,2670451,sitagliptin 50 MG Oral Tablet [Zituvio],SBD,70771177103,7077117713
DPP4 Inhibitors,sitagliptin,2670451,sitagliptin 50 MG Oral Tablet [Zituvio],SBD,70771177109,7077117719
DPP4 Inhibitors,sitagliptin,2677162,metformin hydrochloride 1000 MG / sitagliptin 50 MG Oral Tablet [Zituvimet],SBD,70710178706,7071017876
DPP4 Inhibitors,sitagliptin,2677162,metformin hydrochloride 1000 MG / sitagliptin 50 MG Oral Tablet [Zituvimet],SBD,70710178708,7071017878
DPP4 Inhibitors,sitagliptin,2677162,metformin hydrochloride 1000 MG / sitagliptin 50 MG Oral Tablet [Zituvimet],SBD,70771186006,7077118606
DPP4 Inhibitors,sitagliptin,2677162,metformin hydrochloride 1000 MG / sitagliptin 50 MG Oral Tablet [Zituvimet],SBD,70771186008,7077118608
DPP4 Inhibitors,sitagliptin,2677164,metformin hydrochloride 500 MG / sitagliptin 50 MG Oral Tablet [Zituvimet],SBD,70710178606,7071017866
DPP4 Inhibitors,sitagliptin,2677164,metformin hydrochloride 500 MG / sitagliptin 50 MG Oral Tablet [Zituvimet],SBD,70710178608,7071017868
DPP4 Inhibitors,sitagliptin,2677164,metformin hydrochloride 500 MG / sitagliptin 50 MG Oral Tablet [Zituvimet],SBD,70771185906,7077118596
DPP4 Inhibitors,sitagliptin,2677164,metformin hydrochloride 500 MG / sitagliptin 50 MG Oral Tablet [Zituvimet],SBD,70771185908,7077118598
DPP4 Inhibitors,sitagliptin,665036,sitagliptin 100 MG Oral Tablet [Januvia],SBD,00006027701,0006027701
DPP4 Inhibitors,sitagliptin,665036,sitagliptin 100 MG Oral Tablet [Januvia],SBD,00006027702,0006027702
DPP4 Inhibitors,sitagliptin,665036,sitagliptin 100 MG Oral Tablet [Januvia],SBD,00006027714,0006027714
DPP4 Inhibitors,sitagliptin,665036,sitagliptin 100 MG Oral Tablet [Januvia],SBD,00006027727,0006027727
DPP4 Inhibitors,sitagliptin,665036,sitagliptin 100 MG Oral Tablet [Januvia],SBD,00006027728,0006027728
DPP4 Inhibitors,sitagliptin,665036,sitagliptin 100 MG Oral Tablet [Januvia],SBD,00006027730,0006027730
DPP4 Inhibitors,sitagliptin,665036,sitagliptin 100 MG Oral Tablet [Januvia],SBD,00006027731,0006027731
DPP4 Inhibitors,sitagliptin,665036,sitagliptin 100 MG Oral Tablet [Januvia],SBD,00006027733,0006027733
DPP4 Inhibitors,sitagliptin,665036,sitagliptin 100 MG Oral Tablet [Januvia],SBD,00006027754,0006027754
DPP4 Inhibitors,sitagliptin,665036,sitagliptin 100 MG Oral Tablet [Januvia],SBD,00006027782,0006027782
DPP4 Inhibitors,sitagliptin,665036,sitagliptin 100 MG Oral Tablet [Januvia],SBD,50090103600,5009010360
DPP4 Inhibitors,sitagliptin,665036,sitagliptin 100 MG Oral Tablet [Januvia],SBD,50090103602,5009010362
DPP4 Inhibitors,sitagliptin,665036,sitagliptin 100 MG Oral Tablet [Januvia],SBD,50090408400,5009040840
DPP4 Inhibitors,sitagliptin,665036,sitagliptin 100 MG Oral Tablet [Januvia],SBD,50090558500,5009055850
DPP4 Inhibitors,sitagliptin,665036,sitagliptin 100 MG Oral Tablet [Januvia],SBD,50090558501,5009055851
DPP4 Inhibitors,sitagliptin,665036,sitagliptin 100 MG Oral Tablet [Januvia],SBD,55154504208,5515450428
DPP4 Inhibitors,sitagliptin,665036,sitagliptin 100 MG Oral Tablet [Januvia],SBD,58118027703,5811802773
DPP4 Inhibitors,sitagliptin,665036,sitagliptin 100 MG Oral Tablet [Januvia],SBD,58118027706,5811802776
DPP4 Inhibitors,sitagliptin,665036,sitagliptin 100 MG Oral Tablet [Januvia],SBD,58118027709,5811802779
DPP4 Inhibitors,sitagliptin,665036,sitagliptin 100 MG Oral Tablet [Januvia],SBD,66105065203,6610506523
DPP4 Inhibitors,sitagliptin,665040,sitagliptin 25 MG Oral Tablet [Januvia],SBD,00006022101,0006022101
DPP4 Inhibitors,sitagliptin,665040,sitagliptin 25 MG Oral Tablet [Januvia],SBD,00006022128,0006022128
DPP4 Inhibitors,sitagliptin,665040,sitagliptin 25 MG Oral Tablet [Januvia],SBD,00006022131,0006022131
DPP4 Inhibitors,sitagliptin,665040,sitagliptin 25 MG Oral Tablet [Januvia],SBD,00006022154,0006022154
DPP4 Inhibitors,sitagliptin,665040,sitagliptin 25 MG Oral Tablet [Januvia],SBD,50090352700,5009035270
DPP4 Inhibitors,sitagliptin,665040,sitagliptin 25 MG Oral Tablet [Januvia],SBD,50090352701,5009035271
DPP4 Inhibitors,sitagliptin,665040,sitagliptin 25 MG Oral Tablet [Januvia],SBD,50090408700,5009040870
DPP4 Inhibitors,sitagliptin,665040,sitagliptin 25 MG Oral Tablet [Januvia],SBD,50090554700,5009055470
DPP4 Inhibitors,sitagliptin,665044,sitagliptin 50 MG Oral Tablet [Januvia],SBD,00006011201,0006011201
DPP4 Inhibitors,sitagliptin,665044,sitagliptin 50 MG Oral Tablet [Januvia],SBD,00006011228,0006011228
DPP4 Inhibitors,sitagliptin,665044,sitagliptin 50 MG Oral Tablet [Januvia],SBD,00006011231,0006011231
DPP4 Inhibitors,sitagliptin,665044,sitagliptin 50 MG Oral Tablet [Januvia],SBD,00006011254,0006011254
DPP4 Inhibitors,sitagliptin,665044,sitagliptin 50 MG Oral Tablet [Januvia],SBD,50090347200,5009034720
DPP4 Inhibitors,sitagliptin,665044,sitagliptin 50 MG Oral Tablet [Januvia],SBD,50090347201,5009034721
DPP4 Inhibitors,sitagliptin,665044,sitagliptin 50 MG Oral Tablet [Januvia],SBD,50090408600,5009040860
DPP4 Inhibitors,sitagliptin,665044,sitagliptin 50 MG Oral Tablet [Januvia],SBD,50090551700,5009055170
DPP4 Inhibitors,sitagliptin,665044,sitagliptin 50 MG Oral Tablet [Januvia],SBD,50090551701,5009055171
DPP4 Inhibitors,sitagliptin,665044,sitagliptin 50 MG Oral Tablet [Januvia],SBD,55154504008,5515450408
DPP4 Inhibitors,sitagliptin,861771,metformin hydrochloride 1000 MG / sitagliptin 50 MG Oral Tablet [Janumet],SBD,00006057701,0006057701
DPP4 Inhibitors,sitagliptin,861771,metformin hydrochloride 1000 MG / sitagliptin 50 MG Oral Tablet [Janumet],SBD,00006057702,0006057702
DPP4 Inhibitors,sitagliptin,861771,metformin hydrochloride 1000 MG / sitagliptin 50 MG Oral Tablet [Janumet],SBD,00006057703,0006057703
DPP4 Inhibitors,sitagliptin,861771,metformin hydrochloride 1000 MG / sitagliptin 50 MG Oral Tablet [Janumet],SBD,00006057756,0006057756
DPP4 Inhibitors,sitagliptin,861771,metformin hydrochloride 1000 MG / sitagliptin 50 MG Oral Tablet [Janumet],SBD,00006057761,0006057761
DPP4 Inhibitors,sitagliptin,861771,metformin hydrochloride 1000 MG / sitagliptin 50 MG Oral Tablet [Janumet],SBD,00006057762,0006057762
DPP4 Inhibitors,sitagliptin,861771,metformin hydrochloride 1000 MG / sitagliptin 50 MG Oral Tablet [Janumet],SBD,00006057782,0006057782
DPP4 Inhibitors,sitagliptin,861771,metformin hydrochloride 1000 MG / sitagliptin 50 MG Oral Tablet [Janumet],SBD,50090550200,5009055020
DPP4 Inhibitors,sitagliptin,861771,metformin hydrochloride 1000 MG / sitagliptin 50 MG Oral Tablet [Janumet],SBD,50090550201,5009055021
DPP4 Inhibitors,sitagliptin,861771,metformin hydrochloride 1000 MG / sitagliptin 50 MG Oral Tablet [Janumet],SBD,50090550300,5009055030
DPP4 Inhibitors,sitagliptin,861821,metformin hydrochloride 500 MG / sitagliptin 50 MG Oral Tablet [Janumet],SBD,00006057501,0006057501
DPP4 Inhibitors,sitagliptin,861821,metformin hydrochloride 500 MG / sitagliptin 50 MG Oral Tablet [Janumet],SBD,00006057502,0006057502
DPP4 Inhibitors,sitagliptin,861821,metformin hydrochloride 500 MG / sitagliptin 50 MG Oral Tablet [Janumet],SBD,00006057503,0006057503
DPP4 Inhibitors,sitagliptin,861821,metformin hydrochloride 500 MG / sitagliptin 50 MG Oral Tablet [Janumet],SBD,00006057556,0006057556
DPP4 Inhibitors,sitagliptin,861821,metformin hydrochloride 500 MG / sitagliptin 50 MG Oral Tablet [Janumet],SBD,00006057561,0006057561
DPP4 Inhibitors,sitagliptin,861821,metformin hydrochloride 500 MG / sitagliptin 50 MG Oral Tablet [Janumet],SBD,00006057562,0006057562
DPP4 Inhibitors,sitagliptin,861821,metformin hydrochloride 500 MG / sitagliptin 50 MG Oral Tablet [Janumet],SBD,00006057582,0006057582
DPP4 Inhibitors,sitagliptin,861821,metformin hydrochloride 500 MG / sitagliptin 50 MG Oral Tablet [Janumet],SBD,50090561600,5009056160
DPP4 Inhibitors,sitagliptin,861821,metformin hydrochloride 500 MG / sitagliptin 50 MG Oral Tablet [Janumet],SBD,50090561601,5009056161
DPP4 Inhibitors,sitagliptin,861821,metformin hydrochloride 500 MG / sitagliptin 50 MG Oral Tablet [Janumet],SBD,50090561800,5009056180
DPP4 Inhibitors,sitagliptin,1243829,metformin hydrochloride 1000 MG / sitagliptin 100 MG [Janumet],SBDC,,
DPP4 Inhibitors,sitagliptin,1992828,ertugliflozin 15 MG / sitagliptin 100 MG [Steglujan],SBDC,,
DPP4 Inhibitors,sitagliptin,1992836,ertugliflozin 5 MG / sitagliptin 100 MG [Steglujan],SBDC,,
DPP4 Inhibitors,sitagliptin,2670443,sitagliptin 100 MG [Zituvio],SBDC,,
DPP4 Inhibitors,sitagliptin,2670448,sitagliptin 25 MG [Zituvio],SBDC,,
DPP4 Inhibitors,sitagliptin,2670450,sitagliptin 50 MG [Zituvio],SBDC,,
DPP4 Inhibitors,sitagliptin,2677157,metformin hydrochloride 1000 MG / sitagliptin 50 MG [Zituvimet],SBDC,,
DPP4 Inhibitors,sitagliptin,2677163,metformin hydrochloride 500 MG / sitagliptin 50 MG [Zituvimet],SBDC,,
DPP4 Inhibitors,sitagliptin,665034,sitagliptin 100 MG [Januvia],SBDC,,
DPP4 Inhibitors,sitagliptin,665039,sitagliptin 25 MG [Januvia],SBDC,,
DPP4 Inhibitors,sitagliptin,665043,sitagliptin 50 MG [Januvia],SBDC,,
DPP4 Inhibitors,sitagliptin,861770,metformin hydrochloride 1000 MG / sitagliptin 50 MG [Janumet],SBDC,,
DPP4 Inhibitors,sitagliptin,861820,metformin hydrochloride 500 MG / sitagliptin 50 MG [Janumet],SBDC,,
DPP4 Inhibitors,sitagliptin,1243839,metformin / sitagliptin Extended Release Oral Tablet [Janumet],SBDF,,
DPP4 Inhibitors,sitagliptin,1992829,ertugliflozin / sitagliptin Oral Tablet [Steglujan],SBDF,,
DPP4 Inhibitors,sitagliptin,2670446,sitagliptin Oral Tablet [Zituvio],SBDF,,
DPP4 Inhibitors,sitagliptin,2677160,metformin / sitagliptin Oral Tablet [Zituvimet],SBDF,,
DPP4 Inhibitors,sitagliptin,665035,sitagliptin Oral Tablet [Januvia],SBDF,,
DPP4 Inhibitors,sitagliptin,757603,metformin / sitagliptin Oral Tablet [Janumet],SBDF,,
DPP4 Inhibitors,sitagliptin,1167810,Janumet Oral Product,SBDG,,
DPP4 Inhibitors,sitagliptin,1167811,Janumet Pill,SBDG,,
DPP4 Inhibitors,sitagliptin,1167814,Januvia Oral Product,SBDG,,
DPP4 Inhibitors,sitagliptin,1167815,Januvia Pill,SBDG,,
DPP4 Inhibitors,sitagliptin,1992830,Steglujan Oral Product,SBDG,,
DPP4 Inhibitors,sitagliptin,1992831,Steglujan Pill,SBDG,,
DPP4 Inhibitors,sitagliptin,2670444,Zituvio Oral Product,SBDG,,
DPP4 Inhibitors,sitagliptin,2670445,Zituvio Pill,SBDG,,
DPP4 Inhibitors,sitagliptin,2677158,Zituvimet Oral Product,SBDG,,
DPP4 Inhibitors,sitagliptin,2677159,Zituvimet Pill,SBDG,,
DPP4 Inhibitors,sitagliptin,1243827,24 HR metformin hydrochloride 1000 MG / sitagliptin 100 MG Extended Release Oral Tablet,SCD,,
DPP4 Inhibitors,sitagliptin,1243842,24 HR metformin hydrochloride 1000 MG / sitagliptin 50 MG Extended Release Oral Tablet,SCD,,
DPP4 Inhibitors,sitagliptin,1243846,24 HR metformin hydrochloride 500 MG / sitagliptin 50 MG Extended Release Oral Tablet,SCD,,
DPP4 Inhibitors,sitagliptin,1992826,ertugliflozin 15 MG / sitagliptin 100 MG Oral Tablet,SCD,,
DPP4 Inhibitors,sitagliptin,1992835,ertugliflozin 5 MG / sitagliptin 100 MG Oral Tablet,SCD,,
DPP4 Inhibitors,sitagliptin,665033,sitagliptin 100 MG Oral Tablet,SCD,70710190103,7071019013
DPP4 Inhibitors,sitagliptin,665033,sitagliptin 100 MG Oral Tablet,SCD,70710190109,7071019019
DPP4 Inhibitors,sitagliptin,665033,sitagliptin 100 MG Oral Tablet,SCD,70771179203,7077117923
DPP4 Inhibitors,sitagliptin,665033,sitagliptin 100 MG Oral Tablet,SCD,70771179209,7077117929
DPP4 Inhibitors,sitagliptin,665038,sitagliptin 25 MG Oral Tablet,SCD,70710189903,7071018993
DPP4 Inhibitors,sitagliptin,665038,sitagliptin 25 MG Oral Tablet,SCD,70710189909,7071018999
DPP4 Inhibitors,sitagliptin,665038,sitagliptin 25 MG Oral Tablet,SCD,70771179003,7077117903
DPP4 Inhibitors,sitagliptin,665038,sitagliptin 25 MG Oral Tablet,SCD,70771179009,7077117909
DPP4 Inhibitors,sitagliptin,665042,sitagliptin 50 MG Oral Tablet,SCD,70710190003,7071019003
DPP4 Inhibitors,sitagliptin,665042,sitagliptin 50 MG Oral Tablet,SCD,70710190009,7071019009
DPP4 Inhibitors,sitagliptin,665042,sitagliptin 50 MG Oral Tablet,SCD,70771179103,7077117913
DPP4 Inhibitors,sitagliptin,665042,sitagliptin 50 MG Oral Tablet,SCD,70771179109,7077117919
DPP4 Inhibitors,sitagliptin,861769,metformin hydrochloride 1000 MG / sitagliptin 50 MG Oral Tablet,SCD,70710198706,7071019876
DPP4 Inhibitors,sitagliptin,861769,metformin hydrochloride 1000 MG / sitagliptin 50 MG Oral Tablet,SCD,70710198708,7071019878
DPP4 Inhibitors,sitagliptin,861769,metformin hydrochloride 1000 MG / sitagliptin 50 MG Oral Tablet,SCD,70771187006,7077118706
DPP4 Inhibitors,sitagliptin,861769,metformin hydrochloride 1000 MG / sitagliptin 50 MG Oral Tablet,SCD,70771187008,7077118708
DPP4 Inhibitors,sitagliptin,861819,metformin hydrochloride 500 MG / sitagliptin 50 MG Oral Tablet,SCD,70710198606,7071019866
DPP4 Inhibitors,sitagliptin,861819,metformin hydrochloride 500 MG / sitagliptin 50 MG Oral Tablet,SCD,70710198608,7071019868
DPP4 Inhibitors,sitagliptin,861819,metformin hydrochloride 500 MG / sitagliptin 50 MG Oral Tablet,SCD,70771186906,7077118696
DPP4 Inhibitors,sitagliptin,861819,metformin hydrochloride 500 MG / sitagliptin 50 MG Oral Tablet,SCD,70771186908,7077118698
DPP4 Inhibitors,sitagliptin,665031,sitagliptin 100 MG,SCDC,,
DPP4 Inhibitors,sitagliptin,665037,sitagliptin 25 MG,SCDC,,
DPP4 Inhibitors,sitagliptin,665041,sitagliptin 50 MG,SCDC,,
DPP4 Inhibitors,sitagliptin,1189802,simvastatin / sitagliptin Oral Tablet,SCDF,,
DPP4 Inhibitors,sitagliptin,1243826,metformin / sitagliptin Extended Release Oral Tablet,SCDF,,
DPP4 Inhibitors,sitagliptin,1992824,ertugliflozin / sitagliptin Oral Tablet,SCDF,,
DPP4 Inhibitors,sitagliptin,665032,sitagliptin Oral Tablet,SCDF,,
DPP4 Inhibitors,sitagliptin,700516,metformin / sitagliptin Oral Tablet,SCDF,,
DPP4 Inhibitors,sitagliptin,1159662,sitagliptin Oral Product,SCDG,,
DPP4 Inhibitors,sitagliptin,1159663,sitagliptin Pill,SCDG,,
DPP4 Inhibitors,sitagliptin,1161607,metformin / sitagliptin Oral Product,SCDG,,
DPP4 Inhibitors,sitagliptin,1161608,metformin / sitagliptin Pill,SCDG,,
DPP4 Inhibitors,sitagliptin,1992822,ertugliflozin / sitagliptin Oral Product,SCDG,,
DPP4 Inhibitors,sitagliptin,1992823,ertugliflozin / sitagliptin Pill,SCDG,,
DPP4 Inhibitors,saxagliptin,857974,saxagliptin,IN,,
DPP4 Inhibitors,saxagliptin,1043562,metformin / saxagliptin,MIN,,
DPP4 Inhibitors,saxagliptin,1727500,dapagliflozin / saxagliptin,MIN,,
DPP4 Inhibitors,saxagliptin,2117292,dapagliflozin / metformin / saxagliptin,MIN,,
DPP4 Inhibitors,saxagliptin,1043560,saxagliptin hydrochloride,PIN,,
DPP4 Inhibitors,saxagliptin,1546030,saxagliptin anhydrous,PIN,,
DPP4 Inhibitors,saxagliptin,2643444,saxagliptin hydrochloride dihydrate,PIN,,
DPP4 Inhibitors,saxagliptin,1043567,24 HR metformin hydrochloride 1000 MG / saxagliptin 2.5 MG Extended Release Oral Tablet [Kombiglyze],SBD,00310612560,0310612560
DPP4 Inhibitors,saxagliptin,1043567,24 HR metformin hydrochloride 1000 MG / saxagliptin 2.5 MG Extended Release Oral Tablet [Kombiglyze],SBD,00310612592,0310612592
DPP4 Inhibitors,saxagliptin,1043574,24 HR metformin hydrochloride 1000 MG / saxagliptin 5 MG Extended Release Oral Tablet [Kombiglyze],SBD,00310614530,0310614530
DPP4 Inhibitors,saxagliptin,1043574,24 HR metformin hydrochloride 1000 MG / saxagliptin 5 MG Extended Release Oral Tablet [Kombiglyze],SBD,00310614595,0310614595
DPP4 Inhibitors,saxagliptin,1043582,24 HR metformin hydrochloride 500 MG / saxagliptin 5 MG Extended Release Oral Tablet [Kombiglyze],SBD,00310613530,0310613530
DPP4 Inhibitors,saxagliptin,1043582,24 HR metformin hydrochloride 500 MG / saxagliptin 5 MG Extended Release Oral Tablet [Kombiglyze],SBD,00310613595,0310613595
DPP4 Inhibitors,saxagliptin,1925504,dapagliflozin 10 MG / saxagliptin 5 MG Oral Tablet [Qtern],SBD,00310678030,0310678030
DPP4 Inhibitors,saxagliptin,1925504,dapagliflozin 10 MG / saxagliptin 5 MG Oral Tablet [Qtern],SBD,00310678095,0310678095
DPP4 Inhibitors,saxagliptin,2169276,dapagliflozin 5 MG / saxagliptin 5 MG Oral Tablet [Qtern],SBD,00310677030,0310677030
DPP4 Inhibitors,saxagliptin,2169276,dapagliflozin 5 MG / saxagliptin 5 MG Oral Tablet [Qtern],SBD,00310677095,0310677095
DPP4 Inhibitors,saxagliptin,858040,saxagliptin 5 MG Oral Tablet [Onglyza],SBD,00310610530,0310610530
DPP4 Inhibitors,saxagliptin,858040,saxagliptin 5 MG Oral Tablet [Onglyza],SBD,00310610550,0310610550
DPP4 Inhibitors,saxagliptin,858040,saxagliptin 5 MG Oral Tablet [Onglyza],SBD,00310610590,0310610590
DPP4 Inhibitors,saxagliptin,858040,saxagliptin 5 MG Oral Tablet [Onglyza],SBD,00310610595,0310610595
DPP4 Inhibitors,saxagliptin,858040,saxagliptin 5 MG Oral Tablet [Onglyza],SBD,55154693102,5515469312
DPP4 Inhibitors,saxagliptin,858044,saxagliptin 2.5 MG Oral Tablet [Onglyza],SBD,00310610030,0310610030
DPP4 Inhibitors,saxagliptin,858044,saxagliptin 2.5 MG Oral Tablet [Onglyza],SBD,00310610090,0310610090
DPP4 Inhibitors,saxagliptin,858044,saxagliptin 2.5 MG Oral Tablet [Onglyza],SBD,00310610095,0310610095
DPP4 Inhibitors,saxagliptin,1043565,metformin hydrochloride 1000 MG / saxagliptin 2.5 MG [Kombiglyze],SBDC,,
DPP4 Inhibitors,saxagliptin,1043572,metformin hydrochloride 1000 MG / saxagliptin 5 MG [Kombiglyze],SBDC,,
DPP4 Inhibitors,saxagliptin,1043580,metformin hydrochloride 500 MG / saxagliptin 5 MG [Kombiglyze],SBDC,,
DPP4 Inhibitors,saxagliptin,1925500,dapagliflozin 10 MG / saxagliptin 5 MG [Qtern],SBDC,,
DPP4 Inhibitors,saxagliptin,2169275,dapagliflozin 5 MG / saxagliptin 5 MG [Qtern],SBDC,,
DPP4 Inhibitors,saxagliptin,858038,saxagliptin 5 MG [Onglyza],SBDC,,
DPP4 Inhibitors,saxagliptin,858043,saxagliptin 2.5 MG [Onglyza],SBDC,,
DPP4 Inhibitors,saxagliptin,1043566,metformin / saxagliptin Extended Release Oral Tablet [Kombiglyze],SBDF,,
DPP4 Inhibitors,saxagliptin,1925501,dapagliflozin / saxagliptin Oral Tablet [Qtern],SBDF,,
DPP4 Inhibitors,saxagliptin,858039,saxagliptin Oral Tablet [Onglyza],SBDF,,
DPP4 Inhibitors,saxagliptin,1172860,Kombiglyze Pill,SBDG,,
DPP4 Inhibitors,saxagliptin,1172861,Kombiglyze Oral Product,SBDG,,
DPP4 Inhibitors,saxagliptin,1181729,Onglyza Oral Product,SBDG,,
DPP4 Inhibitors,saxagliptin,1181730,Onglyza Pill,SBDG,,
DPP4 Inhibitors,saxagliptin,1925502,Qtern Oral Product,SBDG,,
DPP4 Inhibitors,saxagliptin,1925503,Qtern Pill,SBDG,,
DPP4 Inhibitors,saxagliptin,1043563,24 HR metformin hydrochloride 1000 MG / saxagliptin 2.5 MG Extended Release Oral Tablet,SCD,00378817691,0378817691
DPP4 Inhibitors,saxagliptin,1043563,24 HR metformin hydrochloride 1000 MG / saxagliptin 2.5 MG Extended Release Oral Tablet,SCD,00378817693,0378817693
DPP4 Inhibitors,saxagliptin,1043563,24 HR metformin hydrochloride 1000 MG / saxagliptin 2.5 MG Extended Release Oral Tablet,SCD,43598061860,4359861860
DPP4 Inhibitors,saxagliptin,1043570,24 HR metformin hydrochloride 1000 MG / saxagliptin 5 MG Extended Release Oral Tablet,SCD,00378817777,0378817777
DPP4 Inhibitors,saxagliptin,1043570,24 HR metformin hydrochloride 1000 MG / saxagliptin 5 MG Extended Release Oral Tablet,SCD,00378817793,0378817793
DPP4 Inhibitors,saxagliptin,1043570,24 HR metformin hydrochloride 1000 MG / saxagliptin 5 MG Extended Release Oral Tablet,SCD,43598061930,4359861930
DPP4 Inhibitors,saxagliptin,1043578,24 HR metformin hydrochloride 500 MG / saxagliptin 5 MG Extended Release Oral Tablet,SCD,00378817577,0378817577
DPP4 Inhibitors,saxagliptin,1043578,24 HR metformin hydrochloride 500 MG / saxagliptin 5 MG Extended Release Oral Tablet,SCD,00378817593,0378817593
DPP4 Inhibitors,saxagliptin,1043578,24 HR metformin hydrochloride 500 MG / saxagliptin 5 MG Extended Release Oral Tablet,SCD,43598062030,4359862030
DPP4 Inhibitors,saxagliptin,1925498,dapagliflozin 10 MG / saxagliptin 5 MG Oral Tablet,SCD,,
DPP4 Inhibitors,saxagliptin,2169274,dapagliflozin 5 MG / saxagliptin 5 MG Oral Tablet,SCD,,
DPP4 Inhibitors,saxagliptin,858036,saxagliptin 5 MG Oral Tablet,SCD,00378470605,0378470605
DPP4 Inhibitors,saxagliptin,858036,saxagliptin 5 MG Oral Tablet,SCD,00378470677,0378470677
DPP4 Inhibitors,saxagliptin,858036,saxagliptin 5 MG Oral Tablet,SCD,00378470693,0378470693
DPP4 Inhibitors,saxagliptin,858036,saxagliptin 5 MG Oral Tablet,SCD,65162006003,6516206003
DPP4 Inhibitors,saxagliptin,858036,saxagliptin 5 MG Oral Tablet,SCD,65162006009,6516206009
DPP4 Inhibitors,saxagliptin,858036,saxagliptin 5 MG Oral Tablet,SCD,65162006050,6516206050
DPP4 Inhibitors,saxagliptin,858036,saxagliptin 5 MG Oral Tablet,SCD,65862082601,6586282601
DPP4 Inhibitors,saxagliptin,858036,saxagliptin 5 MG Oral Tablet,SCD,65862082605,6586282605
DPP4 Inhibitors,saxagliptin,858036,saxagliptin 5 MG Oral Tablet,SCD,65862082630,6586282630
DPP4 Inhibitors,saxagliptin,858036,saxagliptin 5 MG Oral Tablet,SCD,65862082690,6586282690
DPP4 Inhibitors,saxagliptin,858036,saxagliptin 5 MG Oral Tablet,SCD,68462072705,6846272705
DPP4 Inhibitors,saxagliptin,858036,saxagliptin 5 MG Oral Tablet,SCD,68462072714,6846272714
DPP4 Inhibitors,saxagliptin,858036,saxagliptin 5 MG Oral Tablet,SCD,68462072730,6846272730
DPP4 Inhibitors,saxagliptin,858036,saxagliptin 5 MG Oral Tablet,SCD,68462072790,6846272790
DPP4 Inhibitors,saxagliptin,858042,saxagliptin 2.5 MG Oral Tablet,SCD,00378470577,0378470577
DPP4 Inhibitors,saxagliptin,858042,saxagliptin 2.5 MG Oral Tablet,SCD,00378470593,0378470593
DPP4 Inhibitors,saxagliptin,858042,saxagliptin 2.5 MG Oral Tablet,SCD,65162005903,6516205903
DPP4 Inhibitors,saxagliptin,858042,saxagliptin 2.5 MG Oral Tablet,SCD,65162005909,6516205909
DPP4 Inhibitors,saxagliptin,858042,saxagliptin 2.5 MG Oral Tablet,SCD,65162005950,6516205950
DPP4 Inhibitors,saxagliptin,858042,saxagliptin 2.5 MG Oral Tablet,SCD,65862082501,6586282501
DPP4 Inhibitors,saxagliptin,858042,saxagliptin 2.5 MG Oral Tablet,SCD,65862082505,6586282505
DPP4 Inhibitors,saxagliptin,858042,saxagliptin 2.5 MG Oral Tablet,SCD,65862082530,6586282530
DPP4 Inhibitors,saxagliptin,858042,saxagliptin 2.5 MG Oral Tablet,SCD,65862082590,6586282590
DPP4 Inhibitors,saxagliptin,858042,saxagliptin 2.5 MG Oral Tablet,SCD,68462072605,6846272605
DPP4 Inhibitors,saxagliptin,858042,saxagliptin 2.5 MG Oral Tablet,SCD,68462072630,6846272630
DPP4 Inhibitors,saxagliptin,858042,saxagliptin 2.5 MG Oral Tablet,SCD,68462072690,6846272690
DPP4 Inhibitors,saxagliptin,858034,saxagliptin 5 MG,SCDC,,
DPP4 Inhibitors,saxagliptin,858041,saxagliptin 2.5 MG,SCDC,,
DPP4 Inhibitors,saxagliptin,1043561,metformin / saxagliptin Extended Release Oral Tablet,SCDF,,
DPP4 Inhibitors,saxagliptin,1925497,dapagliflozin / saxagliptin Oral Tablet,SCDF,,
DPP4 Inhibitors,saxagliptin,858035,saxagliptin Oral Tablet,SCDF,,
DPP4 Inhibitors,saxagliptin,1158518,saxagliptin Oral Product,SCDG,,
DPP4 Inhibitors,saxagliptin,1158519,saxagliptin Pill,SCDG,,
DPP4 Inhibitors,saxagliptin,1161605,metformin / saxagliptin Oral Product,SCDG,,
DPP4 Inhibitors,saxagliptin,1161606,metformin / saxagliptin Pill,SCDG,,
DPP4 Inhibitors,saxagliptin,1925495,dapagliflozin / saxagliptin Oral Product,SCDG,,
DPP4 Inhibitors,saxagliptin,1925496,dapagliflozin / saxagliptin Pill,SCDG,,
DPP4 Inhibitors,saxagliptin,2371722,dapagliflozin / metformin / saxagliptin Oral Product,SCDG,,
DPP4 Inhibitors,linagliptin,1100699,linagliptin,IN,,
DPP4 Inhibitors,linagliptin,1243019,linagliptin / metformin,MIN,,
DPP4 Inhibitors,linagliptin,1598392,empagliflozin / linagliptin,MIN,,
DPP4 Inhibitors,linagliptin,2281864,empagliflozin / linagliptin / metformin,MIN,,
DPP4 Inhibitors,linagliptin,1100706,linagliptin 5 MG Oral Tablet [Tradjenta],SBD,00597014030,0597014030
DPP4 Inhibitors,linagliptin,1100706,linagliptin 5 MG Oral Tablet [Tradjenta],SBD,00597014061,0597014061
DPP4 Inhibitors,linagliptin,1100706,linagliptin 5 MG Oral Tablet [Tradjenta],SBD,00597014070,0597014070
DPP4 Inhibitors,linagliptin,1100706,linagliptin 5 MG Oral Tablet [Tradjenta],SBD,00597014090,0597014090
DPP4 Inhibitors,linagliptin,1100706,linagliptin 5 MG Oral Tablet [Tradjenta],SBD,50090438300,5009043830
DPP4 Inhibitors,linagliptin,1100706,linagliptin 5 MG Oral Tablet [Tradjenta],SBD,55154041008,5515404108
DPP4 Inhibitors,linagliptin,1243026,linagliptin 2.5 MG / metformin hydrochloride 1000 MG Oral Tablet [Jentadueto],SBD,00597014818,0597014818
DPP4 Inhibitors,linagliptin,1243026,linagliptin 2.5 MG / metformin hydrochloride 1000 MG Oral Tablet [Jentadueto],SBD,00597014860,0597014860
DPP4 Inhibitors,linagliptin,1243026,linagliptin 2.5 MG / metformin hydrochloride 1000 MG Oral Tablet [Jentadueto],SBD,00597014866,0597014866
DPP4 Inhibitors,linagliptin,1243033,linagliptin 2.5 MG / metformin hydrochloride 500 MG Oral Tablet [Jentadueto],SBD,00597014618,0597014618
DPP4 Inhibitors,linagliptin,1243033,linagliptin 2.5 MG / metformin hydrochloride 500 MG Oral Tablet [Jentadueto],SBD,00597014660,0597014660
DPP4 Inhibitors,linagliptin,1243033,linagliptin 2.5 MG / metformin hydrochloride 500 MG Oral Tablet [Jentadueto],SBD,00597014666,0597014666
DPP4 Inhibitors,linagliptin,1243040,linagliptin 2.5 MG / metformin hydrochloride 850 MG Oral Tablet [Jentadueto],SBD,00597014718,0597014718
DPP4 Inhibitors,linagliptin,1243040,linagliptin 2.5 MG / metformin hydrochloride 850 MG Oral Tablet [Jentadueto],SBD,00597014760,0597014760
DPP4 Inhibitors,linagliptin,1243040,linagliptin 2.5 MG / metformin hydrochloride 850 MG Oral Tablet [Jentadueto],SBD,00597014766,0597014766
DPP4 Inhibitors,linagliptin,1602115,empagliflozin 10 MG / linagliptin 5 MG Oral Tablet [Glyxambi],SBD,00597018207,0597018207
DPP4 Inhibitors,linagliptin,1602115,empagliflozin 10 MG / linagliptin 5 MG Oral Tablet [Glyxambi],SBD,00597018230,0597018230
DPP4 Inhibitors,linagliptin,1602115,empagliflozin 10 MG / linagliptin 5 MG Oral Tablet [Glyxambi],SBD,00597018239,0597018239
DPP4 Inhibitors,linagliptin,1602115,empagliflozin 10 MG / linagliptin 5 MG Oral Tablet [Glyxambi],SBD,00597018290,0597018290
DPP4 Inhibitors,linagliptin,1602120,empagliflozin 25 MG / linagliptin 5 MG Oral Tablet [Glyxambi],SBD,00597016407,0597016407
DPP4 Inhibitors,linagliptin,1602120,empagliflozin 25 MG / linagliptin 5 MG Oral Tablet [Glyxambi],SBD,00597016430,0597016430
DPP4 Inhibitors,linagliptin,1602120,empagliflozin 25 MG / linagliptin 5 MG Oral Tablet [Glyxambi],SBD,00597016439,0597016439
DPP4 Inhibitors,linagliptin,1602120,empagliflozin 25 MG / linagliptin 5 MG Oral Tablet [Glyxambi],SBD,00597016490,0597016490
DPP4 Inhibitors,linagliptin,1796091,24 HR linagliptin 2.5 MG / metformin hydrochloride 1000 MG Extended Release Oral Tablet [Jentadueto],SBD,00597027012,0597027012
DPP4 Inhibitors,linagliptin,1796091,24 HR linagliptin 2.5 MG / metformin hydrochloride 1000 MG Extended Release Oral Tablet [Jentadueto],SBD,00597027073,0597027073
DPP4 Inhibitors,linagliptin,1796091,24 HR linagliptin 2.5 MG / metformin hydrochloride 1000 MG Extended Release Oral Tablet [Jentadueto],SBD,00597027094,0597027094
DPP4 Inhibitors,linagliptin,1796096,24 HR linagliptin 5 MG / metformin hydrochloride 1000 MG Extended Release Oral Tablet [Jentadueto],SBD,00597027533,0597027533
DPP4 Inhibitors,linagliptin,1796096,24 HR linagliptin 5 MG / metformin hydrochloride 1000 MG Extended Release Oral Tablet [Jentadueto],SBD,00597027581,0597027581
DPP4 Inhibitors,linagliptin,1796096,24 HR linagliptin 5 MG / metformin hydrochloride 1000 MG Extended Release Oral Tablet [Jentadueto],SBD,00597027588,0597027588
DPP4 Inhibitors,linagliptin,2359285,24 HR empagliflozin 10 MG / linagliptin 5 MG / metformin hydrochloride 1000 MG Extended Release Oral Tablet [Trijardy],SBD,00597038013,0597038013
DPP4 Inhibitors,linagliptin,2359285,24 HR empagliflozin 10 MG / linagliptin 5 MG / metformin hydrochloride 1000 MG Extended Release Oral Tablet [Trijardy],SBD,00597038022,0597038022
DPP4 Inhibitors,linagliptin,2359285,24 HR empagliflozin 10 MG / linagliptin 5 MG / metformin hydrochloride 1000 MG Extended Release Oral Tablet [Trijardy],SBD,00597038068,0597038068
DPP4 Inhibitors,linagliptin,2359290,24 HR empagliflozin 12.5 MG / linagliptin 2.5 MG / metformin hydrochloride 1000 MG Extended Release Oral Tablet [Trijardy],SBD,00597038577,0597038577
DPP4 Inhibitors,linagliptin,2359290,24 HR empagliflozin 12.5 MG / linagliptin 2.5 MG / metformin hydrochloride 1000 MG Extended Release Oral Tablet [Trijardy],SBD,00597038586,0597038586
DPP4 Inhibitors,linagliptin,2359290,24 HR empagliflozin 12.5 MG / linagliptin 2.5 MG / metformin hydrochloride 1000 MG Extended Release Oral Tablet [Trijardy],SBD,00597038588,0597038588
DPP4 Inhibitors,linagliptin,2359353,24 HR empagliflozin 25 MG / linagliptin 5 MG / metformin hydrochloride 1000 MG Extended Release Oral Tablet [Trijardy],SBD,00597039013,0597039013
DPP4 Inhibitors,linagliptin,2359353,24 HR empagliflozin 25 MG / linagliptin 5 MG / metformin hydrochloride 1000 MG Extended Release Oral Tablet [Trijardy],SBD,00597039031,0597039031
DPP4 Inhibitors,linagliptin,2359353,24 HR empagliflozin 25 MG / linagliptin 5 MG / metformin hydrochloride 1000 MG Extended Release Oral Tablet [Trijardy],SBD,00597039071,0597039071
DPP4 Inhibitors,linagliptin,2359358,24 HR empagliflozin 5 MG / linagliptin 2.5 MG / metformin hydrochloride 1000 MG Extended Release Oral Tablet [Trijardy],SBD,00597039523,0597039523
DPP4 Inhibitors,linagliptin,2359358,24 HR empagliflozin 5 MG / linagliptin 2.5 MG / metformin hydrochloride 1000 MG Extended Release Oral Tablet [Trijardy],SBD,00597039552,0597039552
DPP4 Inhibitors,linagliptin,2359358,24 HR empagliflozin 5 MG / linagliptin 2.5 MG / metformin hydrochloride 1000 MG Extended Release Oral Tablet [Trijardy],SBD,00597039582,0597039582
DPP4 Inhibitors,linagliptin,1100704,linagliptin 5 MG [Tradjenta],SBDC,,
DPP4 Inhibitors,linagliptin,1243022,linagliptin 2.5 MG / metformin hydrochloride 1000 MG [Jentadueto],SBDC,,
DPP4 Inhibitors,linagliptin,1243029,linagliptin 2.5 MG / metformin hydrochloride 500 MG [Jentadueto],SBDC,,
DPP4 Inhibitors,linagliptin,1243036,linagliptin 2.5 MG / metformin hydrochloride 850 MG [Jentadueto],SBDC,,
DPP4 Inhibitors,linagliptin,1602111,empagliflozin 10 MG / linagliptin 5 MG [Glyxambi],SBDC,,
DPP4 Inhibitors,linagliptin,1602119,empagliflozin 25 MG / linagliptin 5 MG [Glyxambi],SBDC,,
DPP4 Inhibitors,linagliptin,1796095,linagliptin 5 MG / metformin hydrochloride 1000 MG [Jentadueto],SBDC,,
DPP4 Inhibitors,linagliptin,2359281,empagliflozin 10 MG / linagliptin 5 MG / metformin hydrochloride 1000 MG [Trijardy],SBDC,,
DPP4 Inhibitors,linagliptin,2359289,empagliflozin 12.5 MG / linagliptin 2.5 MG / metformin hydrochloride 1000 MG [Trijardy],SBDC,,
DPP4 Inhibitors,linagliptin,2359352,empagliflozin 25 MG / linagliptin 5 MG / metformin hydrochloride 1000 MG [Trijardy],SBDC,,
DPP4 Inhibitors,linagliptin,2359357,empagliflozin 5 MG / linagliptin 2.5 MG / metformin hydrochloride 1000 MG [Trijardy],SBDC,,
DPP4 Inhibitors,linagliptin,1100705,linagliptin Oral Tablet [Tradjenta],SBDF,,
DPP4 Inhibitors,linagliptin,1243037,linagliptin / metformin Oral Tablet [Jentadueto],SBDF,,
DPP4 Inhibitors,linagliptin,1602112,empagliflozin / linagliptin Oral Tablet [Glyxambi],SBDF,,
DPP4 Inhibitors,linagliptin,1796090,linagliptin / metformin Extended Release Oral Tablet [Jentadueto],SBDF,,
DPP4 Inhibitors,linagliptin,2359282,empagliflozin / linagliptin / metformin Extended Release Oral Tablet [Trijardy],SBDF,,
DPP4 Inhibitors,linagliptin,1179163,Tradjenta Oral Product,SBDG,,
DPP4 Inhibitors,linagliptin,1179164,Tradjenta Pill,SBDG,,
DPP4 Inhibitors,linagliptin,1243038,Jentadueto Oral Product,SBDG,,
DPP4 Inhibitors,linagliptin,1243039,Jentadueto Pill,SBDG,,
DPP4 Inhibitors,linagliptin,1602113,Glyxambi Oral Product,SBDG,,
DPP4 Inhibitors,linagliptin,1602114,Glyxambi Pill,SBDG,,
DPP4 Inhibitors,linagliptin,2359283,Trijardy Oral Product,SBDG,,
DPP4 Inhibitors,linagliptin,2359284,Trijardy Pill,SBDG,,
DPP4 Inhibitors,linagliptin,1100702,linagliptin 5 MG Oral Tablet,SCD,,
DPP4 Inhibitors,linagliptin,1243020,linagliptin 2.5 MG / metformin hydrochloride 1000 MG Oral Tablet,SCD,,
DPP4 Inhibitors,linagliptin,1243027,linagliptin 2.5 MG / metformin hydrochloride 500 MG Oral Tablet,SCD,,
DPP4 Inhibitors,linagliptin,1243034,linagliptin 2.5 MG / metformin hydrochloride 850 MG Oral Tablet,SCD,,
DPP4 Inhibitors,linagliptin,1602109,empagliflozin 10 MG / linagliptin 5 MG Oral Tablet,SCD,,
DPP4 Inhibitors,linagliptin,1602118,empagliflozin 25 MG / linagliptin 5 MG Oral Tablet,SCD,,
DPP4 Inhibitors,linagliptin,1796089,24 HR linagliptin 2.5 MG / metformin hydrochloride 1000 MG Extended Release Oral Tablet,SCD,,
DPP4 Inhibitors,linagliptin,1796094,24 HR linagliptin 5 MG / metformin hydrochloride 1000 MG Extended Release Oral Tablet,SCD,,
DPP4 Inhibitors,linagliptin,2359279,24 HR empagliflozin 10 MG / linagliptin 5 MG / metformin hydrochloride 1000 MG Extended Release Oral Tablet,SCD,,
DPP4 Inhibitors,linagliptin,2359288,24 HR empagliflozin 12.5 MG / linagliptin 2.5 MG / metformin hydrochloride 1000 MG Extended Release Oral Tablet,SCD,,
DPP4 Inhibitors,linagliptin,2359351,24 HR empagliflozin 25 MG / linagliptin 5 MG / metformin hydrochloride 1000 MG Extended Release Oral Tablet,SCD,,
DPP4 Inhibitors,linagliptin,2359356,24 HR empagliflozin 5 MG / linagliptin 2.5 MG / metformin hydrochloride 1000 MG Extended Release Oral Tablet,SCD,,
DPP4 Inhibitors,linagliptin,1100700,linagliptin 5 MG,SCDC,,
DPP4 Inhibitors,linagliptin,1243015,linagliptin 2.5 MG,SCDC,,
DPP4 Inhibitors,linagliptin,1100701,linagliptin Oral Tablet,SCDF,,
DPP4 Inhibitors,linagliptin,1243018,linagliptin / metformin Oral Tablet,SCDF,,
DPP4 Inhibitors,linagliptin,1602108,empagliflozin / linagliptin Oral Tablet,SCDF,,
DPP4 Inhibitors,linagliptin,1796088,linagliptin / metformin Extended Release Oral Tablet,SCDF,,
DPP4 Inhibitors,linagliptin,2359278,empagliflozin / linagliptin / metformin Extended Release Oral Tablet,SCDF,,
DPP4 Inhibitors,linagliptin,1164670,linagliptin Oral Product,SCDG,,
DPP4 Inhibitors,linagliptin,1164671,linagliptin Pill,SCDG,,
DPP4 Inhibitors,linagliptin,1243016,linagliptin / metformin Oral Product,SCDG,,
DPP4 Inhibitors,linagliptin,1243017,linagliptin / metformin Pill,SCDG,,
DPP4 Inhibitors,linagliptin,1602106,empagliflozin / linagliptin Oral Product,SCDG,,
DPP4 Inhibitors,linagliptin,1602107,empagliflozin / linagliptin Pill,SCDG,,
DPP4 Inhibitors,linagliptin,2359276,empagliflozin / linagliptin / metformin Oral Product,SCDG,,
DPP4 Inhibitors,linagliptin,2359277,empagliflozin / linagliptin / metformin Pill,SCDG,,
DPP4 Inhibitors,alogliptin,1368001,alogliptin,IN,,
DPP4 Inhibitors,alogliptin,1368384,alogliptin / metformin,MIN,,
DPP4 Inhibitors,alogliptin,1368402,alogliptin / pioglitazone,MIN,,
DPP4 Inhibitors,alogliptin,1368000,alogliptin benzoate,PIN,,
DPP4 Inhibitors,alogliptin,1368012,alogliptin 25 MG Oral Tablet [Nesina],SBD,64764025002,6476425002
DPP4 Inhibitors,alogliptin,1368012,alogliptin 25 MG Oral Tablet [Nesina],SBD,64764025030,6476425030
DPP4 Inhibitors,alogliptin,1368012,alogliptin 25 MG Oral Tablet [Nesina],SBD,64764025050,6476425050
DPP4 Inhibitors,alogliptin,1368012,alogliptin 25 MG Oral Tablet [Nesina],SBD,64764025090,6476425090
DPP4 Inhibitors,alogliptin,1368020,alogliptin 6.25 MG Oral Tablet [Nesina],SBD,64764062530,6476462530
DPP4 Inhibitors,alogliptin,1368020,alogliptin 6.25 MG Oral Tablet [Nesina],SBD,64764062590,6476462590
DPP4 Inhibitors,alogliptin,1368036,alogliptin 12.5 MG Oral Tablet [Nesina],SBD,64764012502,6476412502
DPP4 Inhibitors,alogliptin,1368036,alogliptin 12.5 MG Oral Tablet [Nesina],SBD,64764012530,6476412530
DPP4 Inhibitors,alogliptin,1368036,alogliptin 12.5 MG Oral Tablet [Nesina],SBD,64764012550,6476412550
DPP4 Inhibitors,alogliptin,1368036,alogliptin 12.5 MG Oral Tablet [Nesina],SBD,64764012590,6476412590
DPP4 Inhibitors,alogliptin,1368391,alogliptin 12.5 MG / metformin hydrochloride 1000 MG Oral Tablet [Kazano],SBD,64764033701,6476433701
DPP4 Inhibitors,alogliptin,1368391,alogliptin 12.5 MG / metformin hydrochloride 1000 MG Oral Tablet [Kazano],SBD,64764033760,6476433760
DPP4 Inhibitors,alogliptin,1368391,alogliptin 12.5 MG / metformin hydrochloride 1000 MG Oral Tablet [Kazano],SBD,64764033777,6476433777
DPP4 Inhibitors,alogliptin,1368391,alogliptin 12.5 MG / metformin hydrochloride 1000 MG Oral Tablet [Kazano],SBD,64764033780,6476433780
DPP4 Inhibitors,alogliptin,1368398,alogliptin 12.5 MG / metformin hydrochloride 500 MG Oral Tablet [Kazano],SBD,64764033501,6476433501
DPP4 Inhibitors,alogliptin,1368398,alogliptin 12.5 MG / metformin hydrochloride 500 MG Oral Tablet [Kazano],SBD,64764033560,6476433560
DPP4 Inhibitors,alogliptin,1368398,alogliptin 12.5 MG / metformin hydrochloride 500 MG Oral Tablet [Kazano],SBD,64764033577,6476433577
DPP4 Inhibitors,alogliptin,1368398,alogliptin 12.5 MG / metformin hydrochloride 500 MG Oral Tablet [Kazano],SBD,64764033580,6476433580
DPP4 Inhibitors,alogliptin,1368409,alogliptin 12.5 MG / pioglitazone 15 MG Oral Tablet [Oseni],SBD,64764012103,6476412103
DPP4 Inhibitors,alogliptin,1368416,alogliptin 12.5 MG / pioglitazone 30 MG Oral Tablet [Oseni],SBD,64764012303,6476412303
DPP4 Inhibitors,alogliptin,1368416,alogliptin 12.5 MG / pioglitazone 30 MG Oral Tablet [Oseni],SBD,64764012304,6476412304
DPP4 Inhibitors,alogliptin,1368416,alogliptin 12.5 MG / pioglitazone 30 MG Oral Tablet [Oseni],SBD,64764012305,6476412305
DPP4 Inhibitors,alogliptin,1368423,alogliptin 12.5 MG / pioglitazone 45 MG Oral Tablet [Oseni],SBD,64764012403,6476412403
DPP4 Inhibitors,alogliptin,1368430,alogliptin 25 MG / pioglitazone 15 MG Oral Tablet [Oseni],SBD,64764025103,6476425103
DPP4 Inhibitors,alogliptin,1368430,alogliptin 25 MG / pioglitazone 15 MG Oral Tablet [Oseni],SBD,64764025104,6476425104
DPP4 Inhibitors,alogliptin,1368430,alogliptin 25 MG / pioglitazone 15 MG Oral Tablet [Oseni],SBD,64764025105,6476425105
DPP4 Inhibitors,alogliptin,1368437,alogliptin 25 MG / pioglitazone 30 MG Oral Tablet [Oseni],SBD,64764025303,6476425303
DPP4 Inhibitors,alogliptin,1368437,alogliptin 25 MG / pioglitazone 30 MG Oral Tablet [Oseni],SBD,64764025304,6476425304
DPP4 Inhibitors,alogliptin,1368437,alogliptin 25 MG / pioglitazone 30 MG Oral Tablet [Oseni],SBD,64764025305,6476425305
DPP4 Inhibitors,alogliptin,1368444,alogliptin 25 MG / pioglitazone 45 MG Oral Tablet [Oseni],SBD,64764025403,6476425403
DPP4 Inhibitors,alogliptin,1368444,alogliptin 25 MG / pioglitazone 45 MG Oral Tablet [Oseni],SBD,64764025404,6476425404
DPP4 Inhibitors,alogliptin,1368444,alogliptin 25 MG / pioglitazone 45 MG Oral Tablet [Oseni],SBD,64764025405,6476425405
DPP4 Inhibitors,alogliptin,1368008,alogliptin 25 MG [Nesina],SBDC,,
DPP4 Inhibitors,alogliptin,1368019,alogliptin 6.25 MG [Nesina],SBDC,,
DPP4 Inhibitors,alogliptin,1368035,alogliptin 12.5 MG [Nesina],SBDC,,
DPP4 Inhibitors,alogliptin,1368387,alogliptin 12.5 MG / metformin hydrochloride 1000 MG [Kazano],SBDC,,
DPP4 Inhibitors,alogliptin,1368394,alogliptin 12.5 MG / metformin hydrochloride 500 MG [Kazano],SBDC,,
DPP4 Inhibitors,alogliptin,1368405,alogliptin 12.5 MG / pioglitazone 15 MG [Oseni],SBDC,,
DPP4 Inhibitors,alogliptin,1368412,alogliptin 12.5 MG / pioglitazone 30 MG [Oseni],SBDC,,
DPP4 Inhibitors,alogliptin,1368419,alogliptin 12.5 MG / pioglitazone 45 MG [Oseni],SBDC,,
DPP4 Inhibitors,alogliptin,1368426,alogliptin 25 MG / pioglitazone 15 MG [Oseni],SBDC,,
DPP4 Inhibitors,alogliptin,1368433,alogliptin 25 MG / pioglitazone 30 MG [Oseni],SBDC,,
DPP4 Inhibitors,alogliptin,1368440,alogliptin 25 MG / pioglitazone 45 MG [Oseni],SBDC,,
DPP4 Inhibitors,alogliptin,1368009,alogliptin Oral Tablet [Nesina],SBDF,,
DPP4 Inhibitors,alogliptin,1368395,alogliptin / metformin Oral Tablet [Kazano],SBDF,,
DPP4 Inhibitors,alogliptin,1368434,alogliptin / pioglitazone Oral Tablet [Oseni],SBDF,,
DPP4 Inhibitors,alogliptin,1368010,Nesina Oral Product,SBDG,,
DPP4 Inhibitors,alogliptin,1368011,Nesina Pill,SBDG,,
DPP4 Inhibitors,alogliptin,1368396,Kazano Oral Product,SBDG,,
DPP4 Inhibitors,alogliptin,1368397,Kazano Pill,SBDG,,
DPP4 Inhibitors,alogliptin,1368435,Oseni Oral Product,SBDG,,
DPP4 Inhibitors,alogliptin,1368436,Oseni Pill,SBDG,,
DPP4 Inhibitors,alogliptin,1368006,alogliptin 25 MG Oral Tablet,SCD,45802015065,4580215065
DPP4 Inhibitors,alogliptin,1368006,alogliptin 25 MG Oral Tablet,SCD,50090557400,5009055740
DPP4 Inhibitors,alogliptin,1368006,alogliptin 25 MG Oral Tablet,SCD,70518397600,7051839760
DPP4 Inhibitors,alogliptin,1368006,alogliptin 25 MG Oral Tablet,SCD,71610030009,7161030009
DPP4 Inhibitors,alogliptin,1368006,alogliptin 25 MG Oral Tablet,SCD,71610030018,7161030018
DPP4 Inhibitors,alogliptin,1368006,alogliptin 25 MG Oral Tablet,SCD,71610030060,7161030060
DPP4 Inhibitors,alogliptin,1368018,alogliptin 6.25 MG Oral Tablet,SCD,45802008765,4580208765
DPP4 Inhibitors,alogliptin,1368034,alogliptin 12.5 MG Oral Tablet,SCD,45802010365,4580210365
DPP4 Inhibitors,alogliptin,1368034,alogliptin 12.5 MG Oral Tablet,SCD,71610066109,7161066109
DPP4 Inhibitors,alogliptin,1368034,alogliptin 12.5 MG Oral Tablet,SCD,71610066118,7161066118
DPP4 Inhibitors,alogliptin,1368385,alogliptin 12.5 MG / metformin hydrochloride 1000 MG Oral Tablet,SCD,45802021172,4580221172
DPP4 Inhibitors,alogliptin,1368385,alogliptin 12.5 MG / metformin hydrochloride 1000 MG Oral Tablet,SCD,50090599300,5009059930
DPP4 Inhibitors,alogliptin,1368392,alogliptin 12.5 MG / metformin hydrochloride 500 MG Oral Tablet,SCD,45802016972,4580216972
DPP4 Inhibitors,alogliptin,1368403,alogliptin 12.5 MG / pioglitazone 15 MG Oral Tablet,SCD,45802023865,4580223865
DPP4 Inhibitors,alogliptin,1368410,alogliptin 12.5 MG / pioglitazone 30 MG Oral Tablet,SCD,45802026065,4580226065
DPP4 Inhibitors,alogliptin,1368417,alogliptin 12.5 MG / pioglitazone 45 MG Oral Tablet,SCD,45802030465,4580230465
DPP4 Inhibitors,alogliptin,1368424,alogliptin 25 MG / pioglitazone 15 MG Oral Tablet,SCD,45802035165,4580235165
DPP4 Inhibitors,alogliptin,1368431,alogliptin 25 MG / pioglitazone 30 MG Oral Tablet,SCD,45802040265,4580240265
DPP4 Inhibitors,alogliptin,1368438,alogliptin 25 MG / pioglitazone 45 MG Oral Tablet,SCD,45802049965,4580249965
DPP4 Inhibitors,alogliptin,1368002,alogliptin 25 MG,SCDC,,
DPP4 Inhibitors,alogliptin,1368017,alogliptin 6.25 MG,SCDC,,
DPP4 Inhibitors,alogliptin,1368033,alogliptin 12.5 MG,SCDC,,
DPP4 Inhibitors,alogliptin,1368005,alogliptin Oral Tablet,SCDF,,
DPP4 Inhibitors,alogliptin,1368383,alogliptin / metformin Oral Tablet,SCDF,,
DPP4 Inhibitors,alogliptin,1368401,alogliptin / pioglitazone Oral Tablet,SCDF,,
DPP4 Inhibitors,alogliptin,1368003,alogliptin Oral Product,SCDG,,
DPP4 Inhibitors,alogliptin,1368004,alogliptin Pill,SCDG,,
DPP4 Inhibitors,alogliptin,1368381,alogliptin / metformin Oral Product,SCDG,,
DPP4 Inhibitors,alogliptin,1368382,alogliptin / metformin Pill,SCDG,,
DPP4 Inhibitors,alogliptin,1368399,alogliptin / pioglitazone Oral Product,SCDG,,
DPP4 Inhibitors,alogliptin,1368400,alogliptin / pioglitazone Pill,SCDG,,
,,,,,,
